"id","palabra","orden","valoracion"
"-M0-9OQkabuGoSmceB5E","información",1,5
"-M0-9OQkabuGoSmceB5E","análisis",2,5
"-M0-9OQkabuGoSmceB5E","investigación",3,5
"-M0-9OQkabuGoSmceB5E","comercial",4,4
"-M0-9OQkabuGoSmceB5E","filtración",5,-5
"-M0U7_pJAU9Ehga0LIWq","información",1,5
"-M0U7_pJAU9Ehga0LIWq","tecnología",2,5
"-M0U7_pJAU9Ehga0LIWq","sistemas",3,5
"-M0U7_pJAU9Ehga0LIWq","computadora",4,0
"-M0U7_pJAU9Ehga0LIWq","freaks",5,-3
"-M2M9R-DBBKvCzlYoWR0","homovidens",1,2
"-M2M9R-DBBKvCzlYoWR0","revolución",2,4
"-M2M9R-DBBKvCzlYoWR0","virtual",3,4
"-M2M9R-DBBKvCzlYoWR0","analogico",4,3
"-M2M9R-DBBKvCzlYoWR0","digital",5,2
"-M2MhH9dvNq3RzShEV1-","información",1,5
"-M2MhH9dvNq3RzShEV1-","accionables",2,4
"-M2MhH9dvNq3RzShEV1-","tecnología",3,0
"-M2MhH9dvNq3RzShEV1-","ciencia",4,4
"-M2MhH9dvNq3RzShEV1-","estadística",5,4
"-M2OlvD1JZjfdTGZsbHw","data",1,3
"-M2OlvD1JZjfdTGZsbHw","tecnologia",2,3
"-M2OlvD1JZjfdTGZsbHw","futuro",3,5
"-M2OlvD1JZjfdTGZsbHw","joven",4,4
"-M2OlvD1JZjfdTGZsbHw","noticiero",5,4
"-M2OunC4N1HIrIdCXw7z","información",1,2
"-M2OunC4N1HIrIdCXw7z","tecnología",2,1
"-M2OunC4N1HIrIdCXw7z","avance",3,1
"-M2OunC4N1HIrIdCXw7z","datos",4,2
"-M2OunC4N1HIrIdCXw7z","velocidad",5,2
"-M2UNscfItR-VKSKId1m","internet",1,0
"-M2UNscfItR-VKSKId1m","control",2,-4
"-M2UNscfItR-VKSKId1m","gobiernos",3,-1
"-M2UNscfItR-VKSKId1m","facebook",4,0
"-M2UNscfItR-VKSKId1m","estadisticas",5,1
"-M2WVsZ-_IUoEbxBpR26","dataso",1,5
"-M2WVsZ-_IUoEbxBpR26","ayuda",2,5
"-M2WVsZ-_IUoEbxBpR26","importante",3,4
"-M2WVsZ-_IUoEbxBpR26","...",4,0
"-M2WVsZ-_IUoEbxBpR26","...",5,0
"-M2YdUBFrDxYvSG9E7X-","manipulación",1,-5
"-M2YdUBFrDxYvSG9E7X-","control",2,-5
"-M2YdUBFrDxYvSG9E7X-","resolución de problemas",3,0
"-M2YdUBFrDxYvSG9E7X-","múltiples estímulos",4,-3
"-M2YdUBFrDxYvSG9E7X-","eficacia",5,-3
"-M2_T-DMepuBXF4aDdvC","grande",1,5
"-M2_T-DMepuBXF4aDdvC","datos",2,5
"-M2_T-DMepuBXF4aDdvC","informativos",3,5
"-M2_T-DMepuBXF4aDdvC","engloba",4,5
"-M2_T-DMepuBXF4aDdvC","todo",5,5
"-M2_T-DMepuBXF4aDdvC","beneficio",6,4
"-M2e6O_WHZM0MXYY-thH","avance",1,5
"-M2e6O_WHZM0MXYY-thH","tecnológico",2,5
"-M2e6O_WHZM0MXYY-thH","conexión",3,2
"-M2e6O_WHZM0MXYY-thH","mundial",4,5
"-M2e6O_WHZM0MXYY-thH","utilidad",5,5
"-M2fELkpj6exAMlFMdKd","información",1,-5
"-M2fELkpj6exAMlFMdKd","base de datos",2,-5
"-M2fELkpj6exAMlFMdKd","accesibilidad",3,-5
"-M2fELkpj6exAMlFMdKd","comunidad",4,-5
"-M2fELkpj6exAMlFMdKd","gran archivo",5,-5
"-M2fpOVv1Q7R8KPgXPKb","exceso de información",1,-3
"-M2fpOVv1Q7R8KPgXPKb","acoso mediático",2,-5
"-M2fpOVv1Q7R8KPgXPKb","manipulación de información",3,-3
"-M2fpOVv1Q7R8KPgXPKb","posmodernidad",4,-3
"-M2fpOVv1Q7R8KPgXPKb","libre acceso",5,3
"-M2hqEpur6zagMpnQfmf","información",1,5
"-M2hqEpur6zagMpnQfmf","global",2,5
"-M2hqEpur6zagMpnQfmf","buscador",3,5
"-M2hqEpur6zagMpnQfmf","ordenador",4,5
"-M2hqEpur6zagMpnQfmf","gratis",5,5
"-M2i0rFGM9ErVXck8vtf","sobreinformación",1,-4
"-M2i0rFGM9ErVXck8vtf","invasión de la privacidad",2,-5
"-M2i0rFGM9ErVXck8vtf","globalización",3,0
"-M2i0rFGM9ErVXck8vtf","acceso a información",4,3
"-M2i0rFGM9ErVXck8vtf","manipulación de datos sensibles",5,-5
"-M2i3IK6BZvZimYl7-KA","muchos datos",1,5
"-M2i3IK6BZvZimYl7-KA","desborde",2,-3
"-M2i3IK6BZvZimYl7-KA","virtualidad",3,3
"-M2i3IK6BZvZimYl7-KA","usos de datos",4,-3
"-M2i3IK6BZvZimYl7-KA","análisis",5,5
"-M2j8TRe1A9HzDQOz-Dl","datos",1,-1
"-M2j8TRe1A9HzDQOz-Dl","internet",2,3
"-M2j8TRe1A9HzDQOz-Dl","web",3,-2
"-M2j8TRe1A9HzDQOz-Dl","aplicaciones",4,2
"-M2j8TRe1A9HzDQOz-Dl","información",5,-2
"-M2j_dvQIpocfeq_ONWP","banco",1,-2
"-M2j_dvQIpocfeq_ONWP","datos",2,3
"-M2j_dvQIpocfeq_ONWP","códigos",3,4
"-M2j_dvQIpocfeq_ONWP","logaritmos",4,2
"-M2j_dvQIpocfeq_ONWP","información",5,2
"-M2kRT_Ls0HPsuxuN9ev","información",1,5
"-M2kRT_Ls0HPsuxuN9ev","globalización",2,1
"-M2kRT_Ls0HPsuxuN9ev","cadena",3,0
"-M2kRT_Ls0HPsuxuN9ev","masivo",4,-1
"-M2kRT_Ls0HPsuxuN9ev","empresa",5,-2
"-M2n45K5ko32iExLG1_O","información",1,5
"-M2n45K5ko32iExLG1_O","masivo",2,-1
"-M2n45K5ko32iExLG1_O","invasivo",3,-5
"-M2n45K5ko32iExLG1_O","sistemático",4,0
"-M2n45K5ko32iExLG1_O","estadística",5,2
"-M2nvwPnmHoGrla4CCtb","información",1,5
"-M2nvwPnmHoGrla4CCtb","descifrar",2,3
"-M2nvwPnmHoGrla4CCtb","interacción",3,5
"-M2nvwPnmHoGrla4CCtb","construcción",4,4
"-M2nvwPnmHoGrla4CCtb","socialización",5,4
"-M2oCta_znnbqDsXi_is","datos",1,0
"-M2oCta_znnbqDsXi_is","grandes",2,4
"-M2oCta_znnbqDsXi_is","complejos",3,0
"-M2oCta_znnbqDsXi_is","requiere procesar",4,1
"-M2oCta_znnbqDsXi_is","por otros programas",5,0
"-M2oma_G7HRxToHw-cGT","internet",1,5
"-M2oma_G7HRxToHw-cGT","datos",2,5
"-M2oma_G7HRxToHw-cGT","programacion",3,5
"-M2oma_G7HRxToHw-cGT","probabilidad",4,0
"-M2oma_G7HRxToHw-cGT","procesamiento",5,0
"-M2p0ylnKukKQXwe_hNM","datos",1,0
"-M2p0ylnKukKQXwe_hNM","información",2,0
"-M2p0ylnKukKQXwe_hNM","recopilación",3,0
"-M2p0ylnKukKQXwe_hNM","procesamiento",4,0
"-M2p0ylnKukKQXwe_hNM","masivo",5,0
"-M2sF500LfduXuQ9IwZj","grandes datos",1,5
"-M2sF500LfduXuQ9IwZj","conocimiento",2,5
"-M2sF500LfduXuQ9IwZj","exploracion",3,5
"-M2sF500LfduXuQ9IwZj","tecnología",4,5
"-M2sF500LfduXuQ9IwZj","información",5,5
"-M2uUDxoOXAOC5Nadm5Q","tremendo",1,3
"-M2uUDxoOXAOC5Nadm5Q","dato",2,4
"-M2uUDxoOXAOC5Nadm5Q","poder",3,3
"-M2uUDxoOXAOC5Nadm5Q","dimensión",4,3
"-M2uUDxoOXAOC5Nadm5Q","grande",5,3
"-M2v0ec4SiiPOGUqFGUb","corporacion",1,-5
"-M2v0ec4SiiPOGUqFGUb","privacidad",2,5
"-M2v0ec4SiiPOGUqFGUb","vender",3,0
"-M2v0ec4SiiPOGUqFGUb","informacion",4,0
"-M2v0ec4SiiPOGUqFGUb","plata",5,-1
"-M2xF57dopHK9BpRx5Hh","manipulación",1,-5
"-M2xF57dopHK9BpRx5Hh","informacion",2,5
"-M2xF57dopHK9BpRx5Hh","politica",3,-5
"-M2xF57dopHK9BpRx5Hh","dominio",4,-5
"-M2xF57dopHK9BpRx5Hh","ayuda",5,5
"-M2xGoFFBmmgTKpYvfhY","conexiones infinitas",1,4
"-M2xGoFFBmmgTKpYvfhY","internet",2,5
"-M2xGoFFBmmgTKpYvfhY","inteligencia artificial",3,4
"-M2xGoFFBmmgTKpYvfhY","nuevos softwares",4,5
"-M2xGoFFBmmgTKpYvfhY","respuestas",5,4
"-M2xPtAsXnj6573wthIF","análisis",1,2
"-M2xPtAsXnj6573wthIF","escala",2,0
"-M2xPtAsXnj6573wthIF","datos",3,0
"-M2xPtAsXnj6573wthIF","vigilancia",4,-1
"-M2xPtAsXnj6573wthIF","ciencia",5,4
"-M2xtkaLTAGxORvpcqnr","gran base de datos",1,-1
"-M2xtkaLTAGxORvpcqnr","nube",2,2
"-M2xtkaLTAGxORvpcqnr","imformatica",3,4
"-M2xtkaLTAGxORvpcqnr","datos personales",4,-4
"-M2xtkaLTAGxORvpcqnr","búsqueda",5,-1
"-M2yAbCja-NoP1Q9Mq22","cantidad",1,4
"-M2yAbCja-NoP1Q9Mq22","usuarios",2,4
"-M2yAbCja-NoP1Q9Mq22","algoritmos",3,4
"-M2yAbCja-NoP1Q9Mq22","gustos",4,2
"-M2yAbCja-NoP1Q9Mq22","sistemas",5,3
"-M2yHEk4O2PrIpJ7RFKp","datos",1,0
"-M2yHEk4O2PrIpJ7RFKp","sistema binario",2,0
"-M2yHEk4O2PrIpJ7RFKp","numero",3,0
"-M2yHEk4O2PrIpJ7RFKp","informacion codificada",4,0
"-M2yHEk4O2PrIpJ7RFKp","0-1-2",5,0
"-M2zO90WdpFEVPalRjSM","informacion",1,0
"-M2zO90WdpFEVPalRjSM","privacidad",2,-4
"-M2zO90WdpFEVPalRjSM","libertad",3,-3
"-M2zO90WdpFEVPalRjSM","publicidad",4,-4
"-M2zO90WdpFEVPalRjSM","tecnologia",5,0
"-M2zTbUMqEycnjuOnRdU","datos",1,5
"-M2zTbUMqEycnjuOnRdU","capacidad velocidad",2,5
"-M2zTbUMqEycnjuOnRdU","procesamiento de datos",3,5
"-M2zTbUMqEycnjuOnRdU","tecnologia de la información",4,5
"-M2zTbUMqEycnjuOnRdU","capacidad para analizar y relacionar d",5,5
"-M3-EyU4jcQEgYNAOe3s","r studio",1,5
"-M3-EyU4jcQEgYNAOe3s","estadística",2,5
"-M3-EyU4jcQEgYNAOe3s","internet",3,5
"-M3-EyU4jcQEgYNAOe3s","control",4,-3
"-M3-EyU4jcQEgYNAOe3s","modelos",5,5
"-M3-QXl0-gKlc0UmpyNn","datos",1,5
"-M3-QXl0-gKlc0UmpyNn","conocimiento",2,5
"-M3-QXl0-gKlc0UmpyNn","control",3,-3
"-M3-QXl0-gKlc0UmpyNn","nada",4,0
"-M3-QXl0-gKlc0UmpyNn","nada",5,0
"-M32POeX9RW1rFTkIb6d","grandes datos",1,0
"-M32POeX9RW1rFTkIb6d","volúmenes de datos",2,5
"-M32POeX9RW1rFTkIb6d","datos estructurados",3,0
"-M32POeX9RW1rFTkIb6d","datos de gran envergadura",4,0
"-M32POeX9RW1rFTkIb6d","nuevos servicios comerciales",5,0
"-M32VykWfiNM5m0P3U9V","corporaciones",1,-3
"-M32VykWfiNM5m0P3U9V","información",2,5
"-M32VykWfiNM5m0P3U9V","espionaje",3,-4
"-M32VykWfiNM5m0P3U9V","robo",4,-5
"-M32VykWfiNM5m0P3U9V","encubierto",5,-5
"-M3SNRpAxiy-4pTlRfxi","información",1,3
"-M3SNRpAxiy-4pTlRfxi","disponibilidad",2,4
"-M3SNRpAxiy-4pTlRfxi","riesgo",3,-4
"-M3SNRpAxiy-4pTlRfxi","intimidad",4,-3
"-M3SNRpAxiy-4pTlRfxi","computación",5,2
"-M3lt2Bhf7uv-k52J35p","tecnología",1,5
"-M3lt2Bhf7uv-k52J35p","velocidad",2,5
"-M3lt2Bhf7uv-k52J35p","información",3,5
"-M3lt2Bhf7uv-k52J35p","intimidad",4,-2
"-M3lt2Bhf7uv-k52J35p","conexión",5,5
"-M3sxPk0nUoYrZGkm-ja","grande",1,2
"-M3sxPk0nUoYrZGkm-ja","datos",2,2
"-M3sxPk0nUoYrZGkm-ja","comunicación",3,2
"-M3sxPk0nUoYrZGkm-ja","comercialización",4,-1
"-M3sxPk0nUoYrZGkm-ja","globalización",5,-3
"-M3vrm1-PnnPcRZt85pD","datos",1,1
"-M3vrm1-PnnPcRZt85pD","internet",2,0
"-M3vrm1-PnnPcRZt85pD","navegacióm",3,0
"-M3vrm1-PnnPcRZt85pD","privacidad",4,0
"-M3vrm1-PnnPcRZt85pD","derechos",5,0
"-M3vrtaCfmnZHt109At7","internet",1,5
"-M3vrtaCfmnZHt109At7","online",2,5
"-M3vrtaCfmnZHt109At7","promos",3,5
"-M3vrtaCfmnZHt109At7","datos",4,5
"-M3vrtaCfmnZHt109At7","email",5,5
"-M3vs7oqT4KboKP9xjC5","compilar información",1,0
"-M3vs7oqT4KboKP9xjC5","banco de datos",2,0
"-M3vs7oqT4KboKP9xjC5","informática",3,0
"-M3vs7oqT4KboKP9xjC5","información virtual",4,0
"-M3vs7oqT4KboKP9xjC5","internet",5,0
"-M3w2JpiZIw8kpUsskzv","internet",1,5
"-M3w2JpiZIw8kpUsskzv","almacenamiento",2,5
"-M3w2JpiZIw8kpUsskzv","base de datos",3,0
"-M3w2JpiZIw8kpUsskzv","capacidad",4,0
"-M3w2JpiZIw8kpUsskzv","velocidad",5,0
"-M3wGsVZGTr6H_MIHABL","información",1,5
"-M3wGsVZGTr6H_MIHABL","excesiva",2,0
"-M3wGsVZGTr6H_MIHABL","canales",3,4
"-M3wGsVZGTr6H_MIHABL","inclusión",4,5
"-M3wGsVZGTr6H_MIHABL","útil",5,5
"-M40GnKqZDUDVKuHZeN1","infomación",1,5
"-M40GnKqZDUDVKuHZeN1","tecnología",2,5
"-M40GnKqZDUDVKuHZeN1","programadores",3,5
"-M40GnKqZDUDVKuHZeN1","análisis de mercado/consumidores",4,5
"-M40GnKqZDUDVKuHZeN1","segmentación",5,0
"-M4605TVwYB7Jqvyxfwz","control",1,-4
"-M4605TVwYB7Jqvyxfwz","información",2,0
"-M4605TVwYB7Jqvyxfwz","marketing",3,-4
"-M4605TVwYB7Jqvyxfwz","infinito",4,0
"-M4605TVwYB7Jqvyxfwz","conexión",5,0
"-M46ULzYYzYfjd15rq9l","memoria artificial",1,0
"-M46ULzYYzYfjd15rq9l","muchos datos",2,0
"-M46ULzYYzYfjd15rq9l","muchos datos cargados",3,0
"-M46ULzYYzYfjd15rq9l","gran información guardada",4,0
"-M46ULzYYzYfjd15rq9l","máquina guarda datos",5,0
"-M46fJznS6rvED7w4-Lv","privacidad (pérdida de)",1,-5
"-M46fJznS6rvED7w4-Lv","análisis",2,3
"-M46fJznS6rvED7w4-Lv","recurso",3,0
"-M46fJznS6rvED7w4-Lv","computación",4,2
"-M46fJznS6rvED7w4-Lv","lugar común",5,-3
"-M46zXQYg6QKgZVX_pQv","universo",1,3
"-M46zXQYg6QKgZVX_pQv","control",2,-4
"-M46zXQYg6QKgZVX_pQv","manipulación",3,-4
"-M46zXQYg6QKgZVX_pQv","acceso",4,0
"-M46zXQYg6QKgZVX_pQv","democratización",5,1
"-M4710w3FVeTgjdkpJPX","información",1,5
"-M4710w3FVeTgjdkpJPX","intromisión",2,-3
"-M4710w3FVeTgjdkpJPX","instanteneidad",3,2
"-M4710w3FVeTgjdkpJPX","marketing",4,2
"-M4710w3FVeTgjdkpJPX","redes",5,2
"-M47ExPq-lbDnXrT8wtS","datos",1,5
"-M47ExPq-lbDnXrT8wtS","información",2,5
"-M47ExPq-lbDnXrT8wtS","noticias",3,5
"-M47ExPq-lbDnXrT8wtS","llamar atención",4,-5
"-M47ExPq-lbDnXrT8wtS","accedé ahora",5,0
"-M47M8rn69ZaP2OdOy7R","información",1,5
"-M47M8rn69ZaP2OdOy7R","grande",2,5
"-M47M8rn69ZaP2OdOy7R","confiable",3,0
"-M47M8rn69ZaP2OdOy7R","interesante",4,0
"-M47M8rn69ZaP2OdOy7R","contenido",5,0
"-M47Wjv9dk5p4e5a6Iq3","internet",1,5
"-M47Wjv9dk5p4e5a6Iq3","redes sociales",2,4
"-M47Wjv9dk5p4e5a6Iq3","informacion",3,1
"-M47Wjv9dk5p4e5a6Iq3","trabajo",4,5
"-M47Wjv9dk5p4e5a6Iq3","intercambio",5,5
"-M4822FBV7CV-ctwFc9e","grande",1,5
"-M4822FBV7CV-ctwFc9e","datos",2,5
"-M4822FBV7CV-ctwFc9e","numerosos",3,5
"-M4822FBV7CV-ctwFc9e","muchos",4,5
"-M4822FBV7CV-ctwFc9e","información",5,5
"-M48q9mNBBmUMXpAydKS","base de datos",1,0
"-M48q9mNBBmUMXpAydKS","privacidad",2,-3
"-M48q9mNBBmUMXpAydKS","marketing",3,0
"-M48q9mNBBmUMXpAydKS","estrategia",4,0
"-M48q9mNBBmUMXpAydKS","monetización",5,-2
"-M48qPT14N4x4tX0sMf7","base de datos",1,-5
"-M48qPT14N4x4tX0sMf7","servidor web",2,-5
"-M48qPT14N4x4tX0sMf7","programación",3,-5
"-M48qPT14N4x4tX0sMf7","mantenimiento",4,-5
"-M48qPT14N4x4tX0sMf7","informática física",5,-5
"-M49y46ZZ2pm7i3UcNLu","información",1,3
"-M49y46ZZ2pm7i3UcNLu","comunicación",2,2
"-M49y46ZZ2pm7i3UcNLu","intercambio",3,3
"-M49y46ZZ2pm7i3UcNLu","global",4,0
"-M49y46ZZ2pm7i3UcNLu","ideas",5,3
"-M4A03asbnw6nzk8I4vR","manipulación",1,-3
"-M4A03asbnw6nzk8I4vR","ampliar",2,2
"-M4A03asbnw6nzk8I4vR","intereses",3,-1
"-M4A03asbnw6nzk8I4vR","trascendente",4,1
"-M4A03asbnw6nzk8I4vR","mejorar",5,3
"-M4AJd3BtrZ3xduq4osn","datos",1,3
"-M4AJd3BtrZ3xduq4osn","analítica",2,3
"-M4AJd3BtrZ3xduq4osn","información",3,3
"-M4AJd3BtrZ3xduq4osn","decisiones",4,3
"-M4AJd3BtrZ3xduq4osn","negocios",5,3
"-M4AcPbQpTC-METSfP5k","informática",1,3
"-M4AcPbQpTC-METSfP5k","computación",2,3
"-M4AcPbQpTC-METSfP5k","tecnología",3,3
"-M4AcPbQpTC-METSfP5k","datos",4,2
"-M4AcPbQpTC-METSfP5k","matemáticas",5,2
"-M4Cf3KvtccpvZrsub2l","datos",1,2
"-M4Cf3KvtccpvZrsub2l","información",2,0
"-M4Cf3KvtccpvZrsub2l","flujo",3,0
"-M4Cf3KvtccpvZrsub2l","internet",4,0
"-M4Cf3KvtccpvZrsub2l","estadística",5,0
"-M4CoQCiGFJjbORvBsQH","información",1,5
"-M4CoQCiGFJjbORvBsQH","tecnologia",2,5
"-M4CoQCiGFJjbORvBsQH","evolución",3,4
"-M4CoQCiGFJjbORvBsQH","educación",4,5
"-M4CoQCiGFJjbORvBsQH","cambio",5,3
"-M4DTrFzmy3pxm-A7w_U","dato",1,-2
"-M4DTrFzmy3pxm-A7w_U","informacion",2,-2
"-M4DTrFzmy3pxm-A7w_U","tecnología",3,1
"-M4DTrFzmy3pxm-A7w_U","humano",4,4
"-M4DTrFzmy3pxm-A7w_U","variables",5,0
"-M4Dmi9DXcdYNEvPds4F","raro",1,0
"-M4Dmi9DXcdYNEvPds4F","interesante",2,0
"-M4Dmi9DXcdYNEvPds4F","sencillo",3,0
"-M4Dmi9DXcdYNEvPds4F","complicado",4,-2
"-M4Dmi9DXcdYNEvPds4F","ingenioso",5,0
"-M4E07MEGVyMuAI6Ga6m","computadoras",1,5
"-M4E07MEGVyMuAI6Ga6m","sobreestimulación",2,-2
"-M4E07MEGVyMuAI6Ga6m","programador",3,0
"-M4E07MEGVyMuAI6Ga6m","informacióm",4,3
"-M4E07MEGVyMuAI6Ga6m","empresas",5,-4
"-M4EyfqsuQyVAJ0-vi3k","marketing",1,-5
"-M4EyfqsuQyVAJ0-vi3k","estadística",2,5
"-M4EyfqsuQyVAJ0-vi3k","privacidad",3,-4
"-M4EyfqsuQyVAJ0-vi3k","software",4,0
"-M4EyfqsuQyVAJ0-vi3k","resultados",5,3
"-M4FCXhNtqZ5TQk3f0Hr","internet",1,4
"-M4FCXhNtqZ5TQk3f0Hr","sobre información",2,-2
"-M4FCXhNtqZ5TQk3f0Hr","accesibilidad",3,5
"-M4FCXhNtqZ5TQk3f0Hr","falsas noticias",4,-5
"-M4FCXhNtqZ5TQk3f0Hr","ingeniería",5,3
"-M4FE_8DpDP33JDJhyFR","información",1,2
"-M4FE_8DpDP33JDJhyFR","control",2,-2
"-M4FE_8DpDP33JDJhyFR","tecnologia",3,0
"-M4FE_8DpDP33JDJhyFR","gobierno",4,-1
"-M4FE_8DpDP33JDJhyFR","poder",5,-1
"-M4FgHjOrh1WWkiE4Jpq","datos",1,0
"-M4FgHjOrh1WWkiE4Jpq","grande",2,3
"-M4FgHjOrh1WWkiE4Jpq","agenda",3,1
"-M4FgHjOrh1WWkiE4Jpq","tecnicismo",4,0
"-M4FgHjOrh1WWkiE4Jpq","información",5,0
"-M4G0lbgtzXG3Ztts47C","grande",1,5
"-M4G0lbgtzXG3Ztts47C","informacion",2,5
"-M4G0lbgtzXG3Ztts47C","datos",3,5
"-M4G0lbgtzXG3Ztts47C","apple",4,5
"-M4G0lbgtzXG3Ztts47C","informatica",5,5
"-M4G4quSr9ib-mdfngz3","big mac",1,2
"-M4G4quSr9ib-mdfngz3","microsoft",2,3
"-M4G4quSr9ib-mdfngz3","apple",3,3
"-M4G4quSr9ib-mdfngz3","silicon valle",4,4
"-M4G4quSr9ib-mdfngz3","steve jobs",5,4
"-M4GKqHNosx4NqQ_VwpH","gran información",1,-1
"-M4GKqHNosx4NqQ_VwpH","hackeo de datos",2,5
"-M4GKqHNosx4NqQ_VwpH","manipulación de datos",3,5
"-M4GKqHNosx4NqQ_VwpH","proximidad para controlar",4,0
"-M4GKqHNosx4NqQ_VwpH","gran red de datos",5,0
"-M4GrXMfSAzmuoaAbilF","gran conocimiento",1,5
"-M4GrXMfSAzmuoaAbilF","grandes fechas",2,5
"-M4GrXMfSAzmuoaAbilF","mucho saber",3,5
"-M4GrXMfSAzmuoaAbilF","entender",4,5
"-M4GrXMfSAzmuoaAbilF","saber",5,5
"-M4H9YevJdxGiEBB66V4","control",1,-2
"-M4H9YevJdxGiEBB66V4","negocio",2,-2
"-M4H9YevJdxGiEBB66V4","accesibilidad",3,2
"-M4H9YevJdxGiEBB66V4","poder",4,-1
"-M4H9YevJdxGiEBB66V4","información",5,0
"-M4HpW0_DE3Wt0F5vvoR","datos",1,2
"-M4HpW0_DE3Wt0F5vvoR","acumulación",2,-3
"-M4HpW0_DE3Wt0F5vvoR","almacenamiento",3,0
"-M4HpW0_DE3Wt0F5vvoR","control",4,-2
"-M4HpW0_DE3Wt0F5vvoR","publico",5,-5
"-M4Lss3W7OI-gRAUdPgq","datos",1,3
"-M4Lss3W7OI-gRAUdPgq","informacion",2,5
"-M4Lss3W7OI-gRAUdPgq","grande",3,3
"-M4Lss3W7OI-gRAUdPgq","datos",4,3
"-M4Lss3W7OI-gRAUdPgq","macrodatos",5,-1
"-M4Lss3W7OI-gRAUdPgq","tecnologia",6,0
"-M4MHrfa2YMotVOJuC1A","brillo",1,-2
"-M4MHrfa2YMotVOJuC1A","chimento",2,5
"-M4MHrfa2YMotVOJuC1A","perro",3,5
"-M4MHrfa2YMotVOJuC1A","gato",4,-5
"-M4MHrfa2YMotVOJuC1A","cariño",5,0
"-M4NCeINm8i0fO1dJpbV","grande",1,5
"-M4NCeINm8i0fO1dJpbV","informacion",2,5
"-M4NCeINm8i0fO1dJpbV","soluciones",3,5
"-M4NCeINm8i0fO1dJpbV","tecnologias",4,5
"-M4NCeINm8i0fO1dJpbV","procesos",5,2
"-M4PU7s6fDvmB0Njhlf3","gran dato",1,-1
"-M4PU7s6fDvmB0Njhlf3","dato importante",2,0
"-M4PU7s6fDvmB0Njhlf3","blog de datos",3,0
"-M4PU7s6fDvmB0Njhlf3","página de pdf",4,0
"-M4PU7s6fDvmB0Njhlf3","informacion",5,0
"-M4Q-V4UIKaX5yHM4Rsg","innovación",1,5
"-M4Q-V4UIKaX5yHM4Rsg","manejo de muchos datos",2,5
"-M4Q-V4UIKaX5yHM4Rsg","información",3,5
"-M4Q-V4UIKaX5yHM4Rsg","bajos costos investigacion",4,5
"-M4Q-V4UIKaX5yHM4Rsg","amplitud de usos",5,5
"-M4Q6TpnDmxgCSCoWP0G","información",1,0
"-M4Q6TpnDmxgCSCoWP0G","datos",2,-1
"-M4Q6TpnDmxgCSCoWP0G","recopilación",3,0
"-M4Q6TpnDmxgCSCoWP0G","cantidad",4,0
"-M4Q6TpnDmxgCSCoWP0G","internet",5,0
"-M4Q8Bl_ud6vYf339lER","información",1,3
"-M4Q8Bl_ud6vYf339lER","social",2,5
"-M4Q8Bl_ud6vYf339lER","internet",3,4
"-M4Q8Bl_ud6vYf339lER","interacción",4,5
"-M4Q8Bl_ud6vYf339lER","datos",5,5
"-M4QshkOdvab21p23HF-","datos",1,2
"-M4QshkOdvab21p23HF-","informática",2,3
"-M4QshkOdvab21p23HF-","empresas",3,5
"-M4QshkOdvab21p23HF-","memoria",4,0
"-M4QshkOdvab21p23HF-","redes",5,-1
"-M4Rk4cOQHm7b0PDarQ-","sobre información",1,-5
"-M4Rk4cOQHm7b0PDarQ-","información",2,4
"-M4Rk4cOQHm7b0PDarQ-","virtual",3,-1
"-M4Rk4cOQHm7b0PDarQ-","desconectado",4,-5
"-M4Rk4cOQHm7b0PDarQ-","conectado",5,3
"-M4UJC5l12tA3E8TzHsO","grandes bases de datos",1,4
"-M4UJC5l12tA3E8TzHsO","gestion de la información",2,4
"-M4UJC5l12tA3E8TzHsO","equipos de trabajo",3,3
"-M4UJC5l12tA3E8TzHsO","oferta laboral",4,4
"-M4UJC5l12tA3E8TzHsO","saber tecnico y disciplinas",5,2
"-M4Uabiv1313P9-nn070","gran",1,-5
"-M4Uabiv1313P9-nn070","información",2,5
"-M4Uabiv1313P9-nn070","gran información",3,0
"-M4Uabiv1313P9-nn070","datos",4,2
"-M4Uabiv1313P9-nn070","medios",5,-1
"-M4VqamiGawLCRXqbZfQ","proceso",1,5
"-M4VqamiGawLCRXqbZfQ","analisis",2,5
"-M4VqamiGawLCRXqbZfQ","estimaciones",3,5
"-M4VqamiGawLCRXqbZfQ","vigilancia",4,-5
"-M4VqamiGawLCRXqbZfQ","desarrollo",5,5
"-M4X1PJ5I-WZklAzj7B-","información",1,2
"-M4X1PJ5I-WZklAzj7B-","importante",2,2
"-M4X1PJ5I-WZklAzj7B-","ayuda",3,0
"-M4X1PJ5I-WZklAzj7B-","variedad",4,1
"-M4X1PJ5I-WZklAzj7B-","consideración",5,2
"-M4XHRyShBOXFftOIuLh","datos",1,3
"-M4XHRyShBOXFftOIuLh","software",2,4
"-M4XHRyShBOXFftOIuLh","global",3,1
"-M4XHRyShBOXFftOIuLh","análisis",4,3
"-M4XHRyShBOXFftOIuLh","contexto",5,5
"-M4ZxrqG2qNNfSO7MmwO","nube",1,5
"-M4ZxrqG2qNNfSO7MmwO","conectividad",2,5
"-M4ZxrqG2qNNfSO7MmwO","desarrollo",3,2
"-M4ZxrqG2qNNfSO7MmwO","problemas",4,-4
"-M4ZxrqG2qNNfSO7MmwO","union",5,5
"-M4_aDG7_KQD2W0eXLAP","mucha información",1,2
"-M4_aDG7_KQD2W0eXLAP","redes",2,3
"-M4_aDG7_KQD2W0eXLAP","correos, spams",3,-5
"-M4_aDG7_KQD2W0eXLAP","empresas compran datos",4,-5
"-M4_aDG7_KQD2W0eXLAP","servidores",5,0
"-M4_ydo_7cPCZukHzWO4","conjunto",1,0
"-M4_ydo_7cPCZukHzWO4","información",2,1
"-M4_ydo_7cPCZukHzWO4","falta de privacidad",3,-3
"-M4_ydo_7cPCZukHzWO4","marketing",4,-3
"-M4_ydo_7cPCZukHzWO4","dios del internet",5,-2
"-M4_zs5FE37U3rhlgo-m","análisis",1,3
"-M4_zs5FE37U3rhlgo-m","datos",2,5
"-M4_zs5FE37U3rhlgo-m","matemática",3,2
"-M4_zs5FE37U3rhlgo-m","asociaciones",4,3
"-M4_zs5FE37U3rhlgo-m","predicción",5,4
"-M4a1JVfdap7afYm1Ag2","conocimiento",1,5
"-M4a1JVfdap7afYm1Ag2","saber",2,4
"-M4a1JVfdap7afYm1Ag2","interrogación",3,3
"-M4a1JVfdap7afYm1Ag2","curiosidad",4,4
"-M4a1JVfdap7afYm1Ag2","cultivarse",5,2
"-M4aDKg_r4yUO_JBbmmE","base de datos",1,0
"-M4aDKg_r4yUO_JBbmmE","información",2,0
"-M4aDKg_r4yUO_JBbmmE","almacenamiento",3,0
"-M4aDKg_r4yUO_JBbmmE","datos personales",4,0
"-M4aDKg_r4yUO_JBbmmE","indexación",5,0
"-M4aHhBk8C92dEQocCWh","el gran dato",1,-5
"-M4aHhBk8C92dEQocCWh","masificación",2,-5
"-M4aHhBk8C92dEQocCWh","generalización exesivs",3,-5
"-M4aHhBk8C92dEQocCWh","que esta de moda",4,-5
"-M4aHhBk8C92dEQocCWh","pasa tiempo",5,5
"-M52mHmaCqOfYTvTVFnU","información",1,4
"-M52mHmaCqOfYTvTVFnU","importante",2,4
"-M52mHmaCqOfYTvTVFnU","informática",3,0
"-M52mHmaCqOfYTvTVFnU","datos",4,3
"-M52mHmaCqOfYTvTVFnU","aviso",5,2
"-M534Jolbydy8wzpvDVr","grandes datos",1,5
"-M534Jolbydy8wzpvDVr","una noticia importante",2,5
"-M534Jolbydy8wzpvDVr","conocimiento",3,5
"-M534Jolbydy8wzpvDVr","un encabezado",4,0
"-M534Jolbydy8wzpvDVr","un tipo de problematica",5,5
"-M5Tl1lBApBD-BoX2J90","redes sociales",1,-3
"-M5Tl1lBApBD-BoX2J90","google",2,3
"-M5Tl1lBApBD-BoX2J90","digitalización",3,3
"-M5Tl1lBApBD-BoX2J90","vigilancia",4,-3
"-M5Tl1lBApBD-BoX2J90","cibercrimen",5,-3
"-M5Wgd914D78sKJY72vu","análisis",1,5
"-M5Wgd914D78sKJY72vu","masivo",2,3
"-M5Wgd914D78sKJY72vu","datos personales",3,3
"-M5Wgd914D78sKJY72vu","intereses",4,0
"-M5Wgd914D78sKJY72vu","gustos",5,0
"-M5Z06LUW02EYo8a7VVy","gran información",1,-2
"-M5Z06LUW02EYo8a7VVy","trafico web",2,5
"-M5Z06LUW02EYo8a7VVy","internet",3,1
"-M5Z06LUW02EYo8a7VVy","intimidad",4,-5
"-M5Z06LUW02EYo8a7VVy","privacidad",5,-5
"-M5dfoSqs0IAPY1YICp1","información",1,2
"-M5dfoSqs0IAPY1YICp1","inteligencia",2,4
"-M5dfoSqs0IAPY1YICp1","datos",3,3
"-M5dfoSqs0IAPY1YICp1","herramientas",4,2
"-M5dfoSqs0IAPY1YICp1","tecnologías",5,3
"-M5gxUE3YdFAVh2mywii","conjunto",1,3
"-M5gxUE3YdFAVh2mywii","datos",2,3
"-M5gxUE3YdFAVh2mywii","referencia",3,3
"-M5gxUE3YdFAVh2mywii","producto",4,3
"-M5gxUE3YdFAVh2mywii","sevicio",5,3
"-M5jE-Z80QkdsSZtTKZy","prediccion",1,5
"-M5jE-Z80QkdsSZtTKZy","segmentacion",2,0
"-M5jE-Z80QkdsSZtTKZy","modelo",3,2
"-M5jE-Z80QkdsSZtTKZy","inteligencia artificial",4,2
"-M5jE-Z80QkdsSZtTKZy","control",5,-2
"-M5lI6XjDnLU0EUKD8Bx","data grande",1,5
"-M5lI6XjDnLU0EUKD8Bx","mucha información",2,5
"-M5lI6XjDnLU0EUKD8Bx","pdf",3,3
"-M5lI6XjDnLU0EUKD8Bx","tarea",4,0
"-M5lI6XjDnLU0EUKD8Bx","actividades",5,0
"-M5oJ8_0KMwGQGQ-pQCB","mucha información",1,0
"-M5oJ8_0KMwGQGQ-pQCB","computadoras",2,1
"-M5oJ8_0KMwGQGQ-pQCB","almacenamiento de datos",3,5
"-M5oJ8_0KMwGQGQ-pQCB","archivos pesados",4,1
"-M5oJ8_0KMwGQGQ-pQCB","internet",5,5
"-M5tUgJTRTuAWG6gAvX7","mucho",1,3
"-M5tUgJTRTuAWG6gAvX7","dato",2,3
"-M5tUgJTRTuAWG6gAvX7","almacenado",3,3
"-M5tUgJTRTuAWG6gAvX7","estadistica",4,3
"-M5tUgJTRTuAWG6gAvX7","resolucion",5,3
"-M5wGqkAWJAwwvxBy89o","aspiracional",1,-2
"-M5wGqkAWJAwwvxBy89o","tecnología",2,1
"-M5wGqkAWJAwwvxBy89o","herramienta",3,3
"-M5wGqkAWJAwwvxBy89o","falsas expectativas",4,-3
"-M5wGqkAWJAwwvxBy89o","complejo",5,2
"-M5wX1AfmIiskq2EUOrI","perfil de destinatario",1,-2
"-M5wX1AfmIiskq2EUOrI","inereses",2,0
"-M5wX1AfmIiskq2EUOrI","consumo",3,-4
"-M5wX1AfmIiskq2EUOrI","segmentación de la audiencia",4,0
"-M5wX1AfmIiskq2EUOrI","control de población",5,-4
"-M5ynXsyhPg2CFxcBgpz","laboratorio",1,5
"-M5ynXsyhPg2CFxcBgpz","encuesta",2,5
"-M5ynXsyhPg2CFxcBgpz","relevamientos",3,1
"-M5ynXsyhPg2CFxcBgpz","masivos",4,-3
"-M5ynXsyhPg2CFxcBgpz","situación",5,1
"-M74J5gezg3O9ja87NNc","datos",1,3
"-M74J5gezg3O9ja87NNc","digital",2,4
"-M74J5gezg3O9ja87NNc","comercio",3,2
"-M74J5gezg3O9ja87NNc","innovación",4,3
"-M74J5gezg3O9ja87NNc","redes",5,3
"-M74Tcj272dAK7B25mYP","datos",1,0
"-M74Tcj272dAK7B25mYP","gran cantidad",2,0
"-M74Tcj272dAK7B25mYP","velocidad",3,0
"-M74Tcj272dAK7B25mYP","actualidad",4,0
"-M74Tcj272dAK7B25mYP","informacion",5,0
"-M79mxE5pkUdnJTg9Wfe","análisis",1,5
"-M79mxE5pkUdnJTg9Wfe","insights",2,5
"-M79mxE5pkUdnJTg9Wfe","accionar",3,5
"-M79mxE5pkUdnJTg9Wfe","control",4,4
"-M79mxE5pkUdnJTg9Wfe","información",5,5
"-M7C2RsadFTrnlndpz_L","nube",1,0
"-M7C2RsadFTrnlndpz_L","palabras",2,0
"-M7C2RsadFTrnlndpz_L","nodos",3,0
"-M7C2RsadFTrnlndpz_L","puntos",4,0
"-M7C2RsadFTrnlndpz_L","ecosistema",5,0
"-M7JmPhXypDTXgnQzG7R","accesibilidad",1,5
"-M7JmPhXypDTXgnQzG7R","información",2,5
"-M7JmPhXypDTXgnQzG7R","comodidad",3,5
"-M7JmPhXypDTXgnQzG7R","red",4,5
"-M7JmPhXypDTXgnQzG7R","fiabilidad",5,5
"-M7L0sptMAxfR-8H1f__","investigacion",1,5
"-M7L0sptMAxfR-8H1f__","mercado",2,-2
"-M7L0sptMAxfR-8H1f__","informacion",3,-1
"-M7L0sptMAxfR-8H1f__","noticia",4,-1
"-M7L0sptMAxfR-8H1f__","datos",5,-2
"-M7M9SpfDAyFtitageb8","grande",1,0
"-M7M9SpfDAyFtitageb8","información",2,3
"-M7M9SpfDAyFtitageb8","dato",3,0
"-M7M9SpfDAyFtitageb8","conplejidad",4,3
"-M7M9SpfDAyFtitageb8","demasiado",5,-3
"-M7OrYtgcZdg9EkhavZW","mucha información",1,0
"-M7OrYtgcZdg9EkhavZW","base de datos",2,5
"-M7OrYtgcZdg9EkhavZW","búsqueda",3,5
"-M7OrYtgcZdg9EkhavZW","compartición de información",4,5
"-M7OrYtgcZdg9EkhavZW","información pública",5,0
"-M7TkcZIegd82PnnRIbp","información",1,-1
"-M7TkcZIegd82PnnRIbp","manipulación",2,5
"-M7TkcZIegd82PnnRIbp","espionaje",3,5
"-M7TkcZIegd82PnnRIbp","control",4,5
"-M7TkcZIegd82PnnRIbp","encuestas",5,-5
"-M7VWRKRJ9RDIsukwiM5","datos",1,-5
"-M7VWRKRJ9RDIsukwiM5","control",2,-5
"-M7VWRKRJ9RDIsukwiM5","previsión",3,-5
"-M7VWRKRJ9RDIsukwiM5","acción",4,-5
"-M7VWRKRJ9RDIsukwiM5","replanteo",5,-5
"-M7_aGS7jBQHsugFYefA","gran data",1,-1
"-M7_aGS7jBQHsugFYefA","mucha información",2,-2
"-M7_aGS7jBQHsugFYefA","desinformación",3,-4
"-M7_aGS7jBQHsugFYefA","pluralidad",4,3
"-M7_aGS7jBQHsugFYefA","sobredatos",5,-2
"-M7efCTT-6V9kSTDrLru","grande",1,0
"-M7efCTT-6V9kSTDrLru","datos",2,1
"-M7efCTT-6V9kSTDrLru","información",3,2
"-M7efCTT-6V9kSTDrLru","evolución",4,5
"-M7efCTT-6V9kSTDrLru","tecnología",5,1
"-M7f8IVYgt494Mu5npHC","conglomerado de datos",1,5
"-M7f8IVYgt494Mu5npHC","conocimiento",2,5
"-M7f8IVYgt494Mu5npHC","regresión lineal",3,5
"-M7f8IVYgt494Mu5npHC","prediccion",4,5
"-M7f8IVYgt494Mu5npHC","futuro",5,5
"-M7fK3INqAfoTPSc2Xf9","datos",1,5
"-M7fK3INqAfoTPSc2Xf9","informacion",2,5
"-M7fK3INqAfoTPSc2Xf9","redes",3,5
"-M7fK3INqAfoTPSc2Xf9","internet",4,5
"-M7fK3INqAfoTPSc2Xf9","informatica",5,5
"-M7i1NYVISNV88VCzm0M","tecnología",1,5
"-M7i1NYVISNV88VCzm0M","información",2,5
"-M7i1NYVISNV88VCzm0M","redes",3,5
"-M7i1NYVISNV88VCzm0M","conocimiento",4,5
"-M7i1NYVISNV88VCzm0M","intimidad",5,-5
"-M7iRMbYszd2USiZADYg","recopilación",1,0
"-M7iRMbYszd2USiZADYg","datos",2,0
"-M7iRMbYszd2USiZADYg","sistematización",3,0
"-M7iRMbYszd2USiZADYg","análisis",4,0
"-M7iRMbYszd2USiZADYg","respuesta",5,0
"-M7uTFrfzCmWBtGFMvR7","información",1,5
"-M7uTFrfzCmWBtGFMvR7","flujo",2,5
"-M7uTFrfzCmWBtGFMvR7","internet",3,2
"-M7uTFrfzCmWBtGFMvR7","tecnología",4,3
"-M7uTFrfzCmWBtGFMvR7","interconexión",5,5
"-M84vUtyVPBKpnBOwmfj","grandes datos.",1,-1
"-M84vUtyVPBKpnBOwmfj","tecnología",2,0
"-M84vUtyVPBKpnBOwmfj","internet",3,0
"-M84vUtyVPBKpnBOwmfj","redes sociales",4,1
"-M84vUtyVPBKpnBOwmfj","tecnología",5,0
"-M8k5rFgbZkuld-qoXl4","volúmen de datos",1,5
"-M8k5rFgbZkuld-qoXl4","análisis",2,5
"-M8k5rFgbZkuld-qoXl4","patrones",3,5
"-M8k5rFgbZkuld-qoXl4","decisiones",4,5
"-M8k5rFgbZkuld-qoXl4","estrategias",5,5
"-M8kBykCTrGkUL_AVXdS","base de datos",1,5
"-M8kBykCTrGkUL_AVXdS","gestion",2,4
"-M8kBykCTrGkUL_AVXdS","informatizar",3,4
"-M8kBykCTrGkUL_AVXdS","globalizacion",4,-1
"-M8kBykCTrGkUL_AVXdS","unificacion",5,0
"-M8kNBsVW19H-qJq3aJ6","tecnologia",1,5
"-M8kNBsVW19H-qJq3aJ6","superficial",2,5
"-M8kNBsVW19H-qJq3aJ6","numeros",3,2
"-M8kNBsVW19H-qJq3aJ6","orden",4,2
"-M8kNBsVW19H-qJq3aJ6","archivos",5,2
"-M8ko1pc4ZScEYkz2fh0","datos",1,5
"-M8ko1pc4ZScEYkz2fh0","gran cantidad",2,5
"-M8ko1pc4ZScEYkz2fh0","información",3,5
"-M8ko1pc4ZScEYkz2fh0","procesaniento",4,5
"-M8ko1pc4ZScEYkz2fh0","masividad",5,5
"-M8l7u2AWWzRvXeLN0Wq","un gran dato",1,5
"-M8l7u2AWWzRvXeLN0Wq","datos grandes",2,5
"-M8l7u2AWWzRvXeLN0Wq","información importante",3,0
"-M8l7u2AWWzRvXeLN0Wq","algo grande",4,3
"-M8l7u2AWWzRvXeLN0Wq","información importante",5,0
"-M8lA1JN4l55IBlqjeno","tecnología",1,4
"-M8lA1JN4l55IBlqjeno","datos virtuales",2,3
"-M8lA1JN4l55IBlqjeno","software",3,5
"-M8lA1JN4l55IBlqjeno","almacenamiento",4,5
"-M8lA1JN4l55IBlqjeno","internet",5,4
"-M8lAlX1ZPLv1tOUPX0e","venta de informacion",1,-5
"-M8lAlX1ZPLv1tOUPX0e","campaña politica",2,-5
"-M8lAlX1ZPLv1tOUPX0e","datos personales",3,-5
"-M8lAlX1ZPLv1tOUPX0e","oportunidad",4,2
"-M8lAlX1ZPLv1tOUPX0e","mejorar la comunicacion",5,5
"-M8nDZE8TE8OHGsDLzvt","control",1,-5
"-M8nDZE8TE8OHGsDLzvt","gustos",2,0
"-M8nDZE8TE8OHGsDLzvt","libertad",3,-5
"-M8nDZE8TE8OHGsDLzvt","limite",4,-5
"-M8nDZE8TE8OHGsDLzvt","privacidad",5,-5
"-M8nFwolbjBkFTBnODuI","datos",1,2
"-M8nFwolbjBkFTBnODuI","periodismo",2,2
"-M8nFwolbjBkFTBnODuI","facebook",3,-3
"-M8nFwolbjBkFTBnODuI","cambridge",4,-3
"-M8nFwolbjBkFTBnODuI","infografía",5,4
"-M8nouvktrBFAh_xp5jW","monopolizar",1,-5
"-M8nouvktrBFAh_xp5jW","causalidades",2,0
"-M8nouvktrBFAh_xp5jW","contaminación",3,-5
"-M8nouvktrBFAh_xp5jW","manipulacion",4,-5
"-M8nouvktrBFAh_xp5jW","sobreinformación",5,-5
"-M8owv7xeIZCb16ac6nJ","futuro",1,0
"-M8owv7xeIZCb16ac6nJ","cibernética",2,-1
"-M8owv7xeIZCb16ac6nJ","datos",3,-3
"-M8owv7xeIZCb16ac6nJ","hackers",4,-4
"-M8owv7xeIZCb16ac6nJ","investigación",5,5
"-M8qFzQdpFuSbW0Ab5fn","grandes datos",1,-2
"-M8qFzQdpFuSbW0Ab5fn","toma de decisión rapida",2,3
"-M8qFzQdpFuSbW0Ab5fn","datos volátiles",3,-2
"-M8qFzQdpFuSbW0Ab5fn","falta de estándares",4,-3
"-M8qFzQdpFuSbW0Ab5fn","organización de datos",5,3
"-M8qx2dG5u1DKpQZVpt2","una esfera contenida de datos e información",1,5
"-M8qx2dG5u1DKpQZVpt2","largas estructuras de redes",2,1
"-M8qx2dG5u1DKpQZVpt2","grandes cantidades de bits",3,4
"-M8qx2dG5u1DKpQZVpt2","gran datos",4,1
"-M8qx2dG5u1DKpQZVpt2","algoritmos",5,3
"-M8rSeoE-hu3qI41cOIt","información",1,5
"-M8rSeoE-hu3qI41cOIt","privacidad",2,-3
"-M8rSeoE-hu3qI41cOIt","base de datos",3,0
"-M8rSeoE-hu3qI41cOIt","procesamiento de datos",4,1
"-M8rSeoE-hu3qI41cOIt","ventas y marketing",5,-4
"-M8rxkI-JcGFnIFESa-m","información",1,0
"-M8rxkI-JcGFnIFESa-m","vigilancia",2,-5
"-M8rxkI-JcGFnIFESa-m","dinero",3,-3
"-M8rxkI-JcGFnIFESa-m","gobierno",4,-5
"-M8rxkI-JcGFnIFESa-m","ayuda",5,5
"-M8uHmwbICaHfKm1bDuG","computadoras",1,4
"-M8uHmwbICaHfKm1bDuG","compañías",2,-2
"-M8uHmwbICaHfKm1bDuG","empresarios",3,-2
"-M8uHmwbICaHfKm1bDuG","silicon valley",4,-2
"-M8uHmwbICaHfKm1bDuG","programación",5,3
"-M8uZIh7v0kN8doX-Ocn","espionaje",1,-4
"-M8uZIh7v0kN8doX-Ocn","información",2,3
"-M8uZIh7v0kN8doX-Ocn","elecciones",3,-1
"-M8uZIh7v0kN8doX-Ocn","no privacidad",4,-4
"-M8uZIh7v0kN8doX-Ocn","publicidad",5,-1
"-M8xLm6N6StAel-mAbJM","información",1,2
"-M8xLm6N6StAel-mAbJM","numeros",2,0
"-M8xLm6N6StAel-mAbJM","matemática",3,3
"-M8xLm6N6StAel-mAbJM","trabajo",4,2
"-M8xLm6N6StAel-mAbJM","futuro",5,2
"-M8zLQqtQIyhASnI4gXi","mucha informacion",1,5
"-M8zLQqtQIyhASnI4gXi","publicidad de la privacidad",2,-5
"-M8zLQqtQIyhASnI4gXi","posibilidades",3,3
"-M8zLQqtQIyhASnI4gXi","mal uso",4,-5
"-M8zLQqtQIyhASnI4gXi","corrupción",5,-5
"-M9-NSakIfzM-p_HRKLV","estadistica",1,5
"-M9-NSakIfzM-p_HRKLV","graficos",2,3
"-M9-NSakIfzM-p_HRKLV","bases de datos",3,4
"-M9-NSakIfzM-p_HRKLV","ventas",4,-3
"-M9-NSakIfzM-p_HRKLV","analisis",5,0
"-M9-ZJ7-HIQPqdpA_QXp","información",1,2
"-M9-ZJ7-HIQPqdpA_QXp","acceso",2,3
"-M9-ZJ7-HIQPqdpA_QXp","procesamiento",3,2
"-M9-ZJ7-HIQPqdpA_QXp","rápidez",4,3
"-M9-ZJ7-HIQPqdpA_QXp","análisis",5,2
"-M9-hKCsT3NadlNn5y5i","facebook",1,-5
"-M9-hKCsT3NadlNn5y5i","control",2,-5
"-M9-hKCsT3NadlNn5y5i","perfil",3,0
"-M9-hKCsT3NadlNn5y5i","números",4,5
"-M9-hKCsT3NadlNn5y5i","influir",5,-5
"-M9-pqiKL__J2MzXid2J","firma digital",1,3
"-M9-pqiKL__J2MzXid2J","moneda virtual",2,3
"-M9-pqiKL__J2MzXid2J","control",3,-5
"-M9-pqiKL__J2MzXid2J","falta de privacidad",4,-5
"-M9-pqiKL__J2MzXid2J","manipulacion",5,-5
"-M9-q4CdzKmkxwjQ27Ro","información",1,0
"-M9-q4CdzKmkxwjQ27Ro","tecnología",2,0
"-M9-q4CdzKmkxwjQ27Ro","política",3,0
"-M9-q4CdzKmkxwjQ27Ro","comunicación",4,0
"-M9-q4CdzKmkxwjQ27Ro","ns",5,0
"-M906J5AoaweaWRDWMCp","masivo",1,0
"-M906J5AoaweaWRDWMCp","tecnología",2,0
"-M906J5AoaweaWRDWMCp","almacenamiento",3,0
"-M906J5AoaweaWRDWMCp","datos",4,0
"-M906J5AoaweaWRDWMCp","analisis",5,0
"-M90EETwVmcgHX08Syvd","datos enormes",1,5
"-M90EETwVmcgHX08Syvd","complejidad",2,5
"-M90EETwVmcgHX08Syvd","alto volumen",3,0
"-M90EETwVmcgHX08Syvd","información",4,5
"-M90EETwVmcgHX08Syvd","análisis",5,5
"-M90EETwVmcgHX08Syvd","consumidored",6,5
"-M9153SL_gfvUEwZ_DEw","macrodatos",1,0
"-M9153SL_gfvUEwZ_DEw","oracle",2,0
"-M9153SL_gfvUEwZ_DEw","casinos",3,0
"-M9153SL_gfvUEwZ_DEw","gobierno",4,-5
"-M9153SL_gfvUEwZ_DEw","guerra",5,-5
"-M915jTNhtuxZTBqd2CD","celular (whatsapp)",1,-2
"-M915jTNhtuxZTBqd2CD","computadora",2,-1
"-M915jTNhtuxZTBqd2CD","sobreinformación",3,-5
"-M915jTNhtuxZTBqd2CD","ausencia de intimidad",4,-5
"-M915jTNhtuxZTBqd2CD","sobreexigencias horarias",5,-5
"-M91oUSnjYz4Xd9pfYli","información",1,2
"-M91oUSnjYz4Xd9pfYli","espionaje",2,-5
"-M91oUSnjYz4Xd9pfYli","manipulación",3,-4
"-M91oUSnjYz4Xd9pfYli","vida privada",4,-3
"-M91oUSnjYz4Xd9pfYli","elecciones",5,-3
"-M91xRujFlrevhyoAqN3","internet",1,3
"-M91xRujFlrevhyoAqN3","desigualdad de acceso",2,-5
"-M91xRujFlrevhyoAqN3","información",3,0
"-M91xRujFlrevhyoAqN3","empresas",4,0
"-M91xRujFlrevhyoAqN3","redes sociales",5,2
"-M93Ik8w6W_dCmG6nshr","muchos datos",1,5
"-M93Ik8w6W_dCmG6nshr","mucha informacion",2,2
"-M93Ik8w6W_dCmG6nshr","corrupcion",3,-4
"-M93Ik8w6W_dCmG6nshr","gestion",4,0
"-M93Ik8w6W_dCmG6nshr","progreso",5,0
"-M944wYW91C0jem2qwdT","espionaje",1,-5
"-M944wYW91C0jem2qwdT","marketing",2,0
"-M944wYW91C0jem2qwdT","empresas",3,1
"-M944wYW91C0jem2qwdT","facebook",4,-2
"-M944wYW91C0jem2qwdT","redes sociales",5,0
"-M94gBLGjCsunFmrUSu_","datos",1,5
"-M94gBLGjCsunFmrUSu_","control",2,-2
"-M94gBLGjCsunFmrUSu_","tendencias",3,3
"-M94gBLGjCsunFmrUSu_","e commerce",4,2
"-M94gBLGjCsunFmrUSu_","publicidad",5,0
"-M9597kmiUK74myqKh2P","nube",1,1
"-M9597kmiUK74myqKh2P","computadora",2,0
"-M9597kmiUK74myqKh2P","google",3,-1
"-M9597kmiUK74myqKh2P","facebook",4,-2
"-M9597kmiUK74myqKh2P","privacidad",5,0
"-M95DFBWagwPFiqQwIPO","datos",1,1
"-M95DFBWagwPFiqQwIPO","información",2,2
"-M95DFBWagwPFiqQwIPO","informatica",3,2
"-M95DFBWagwPFiqQwIPO","cómputos",4,2
"-M95DFBWagwPFiqQwIPO","grande",5,-1
"-M95Rwwbri8WrXLxj5XF","tecnologia",1,5
"-M95Rwwbri8WrXLxj5XF","util",2,5
"-M95Rwwbri8WrXLxj5XF","peligroso",3,-5
"-M95Rwwbri8WrXLxj5XF","dificil de entender",4,0
"-M95Rwwbri8WrXLxj5XF","consumismo",5,0
"-M96-5sjAB1L3BiIOha5","digital",1,1
"-M96-5sjAB1L3BiIOha5","web",2,2
"-M96-5sjAB1L3BiIOha5","trasmedia",3,2
"-M96-5sjAB1L3BiIOha5","virtual",4,0
"-M96-5sjAB1L3BiIOha5","sistemas",5,0
"-M96R3K8rJ6iQmSyJ3IM","información",1,0
"-M96R3K8rJ6iQmSyJ3IM","ganancia",2,-3
"-M96R3K8rJ6iQmSyJ3IM","estadísticas",3,-2
"-M96R3K8rJ6iQmSyJ3IM","intereses",4,-3
"-M96R3K8rJ6iQmSyJ3IM","eternidad",5,0
"-M973eBgFPcjKRLX_3BM","estadísticas",1,5
"-M973eBgFPcjKRLX_3BM","investigación",2,3
"-M973eBgFPcjKRLX_3BM","datos",3,3
"-M973eBgFPcjKRLX_3BM","informática",4,3
"-M973eBgFPcjKRLX_3BM","información",5,3
"-M98y38g85yB4Vi094kx","tecnología",1,2
"-M98y38g85yB4Vi094kx","programacion",2,3
"-M98y38g85yB4Vi094kx",".",3,0
"-M98y38g85yB4Vi094kx",".",4,0
"-M98y38g85yB4Vi094kx",".",5,0
"-M99R_PVrFtM5vlQXWdl","datos sobre los datos",1,5
"-M99R_PVrFtM5vlQXWdl","cruce de datos",2,3
"-M99R_PVrFtM5vlQXWdl","aprendizaje de las máquinas",3,3
"-M99R_PVrFtM5vlQXWdl","centralización de los datos",4,-3
"-M99R_PVrFtM5vlQXWdl","posibilidad de poner a disposición pública los dat",5,5
"-M99nDRmo0UF6UF8Az3a","plataforma virtual",1,5
"-M99nDRmo0UF6UF8Az3a","simulador",2,5
"-M99nDRmo0UF6UF8Az3a","inteligencia artificial",3,3
"-M99nDRmo0UF6UF8Az3a","red social",4,3
"-M99nDRmo0UF6UF8Az3a","software/ sistema operativo",5,5
"-M9A4D1YZmmvtUkeHsFJ","almacenamiento de datos",1,5
"-M9A4D1YZmmvtUkeHsFJ","gran manejo de datos",2,5
"-M9A4D1YZmmvtUkeHsFJ","archivos",3,5
"-M9A4D1YZmmvtUkeHsFJ","seguridad",4,5
"-M9A4D1YZmmvtUkeHsFJ","grande",5,5
"-M9B5kjwS61OsoEKoOxO","información",1,5
"-M9B5kjwS61OsoEKoOxO","gran cantidad de datos",2,5
"-M9B5kjwS61OsoEKoOxO","datos",3,5
"-M9B5kjwS61OsoEKoOxO","nube",4,5
"-M9B5kjwS61OsoEKoOxO","habitos de las personas",5,5
"-M9BIymT2ozqK0F_HAyd","información",1,5
"-M9BIymT2ozqK0F_HAyd","util",2,5
"-M9BIymT2ozqK0F_HAyd","actualizaciones",3,5
"-M9BIymT2ozqK0F_HAyd","confiable",4,5
"-M9BIymT2ozqK0F_HAyd","leal",5,5
"-M9CYlNcyNBvC5Z2_fcn","grande",1,3
"-M9CYlNcyNBvC5Z2_fcn","amplio",2,3
"-M9CYlNcyNBvC5Z2_fcn","on line",3,3
"-M9CYlNcyNBvC5Z2_fcn","información",4,2
"-M9CYlNcyNBvC5Z2_fcn","acceso",5,0
"-M9E8gmxN_yG_ULCW0S0","información",1,4
"-M9E8gmxN_yG_ULCW0S0","exposición",2,-4
"-M9E8gmxN_yG_ULCW0S0","personalización",3,2
"-M9E8gmxN_yG_ULCW0S0","especulación",4,-4
"-M9E8gmxN_yG_ULCW0S0","customización",5,3
"-M9FJc5oq3wkoSf3tMeR","grandes datos",1,5
"-M9FJc5oq3wkoSf3tMeR","informática",2,5
"-M9FJc5oq3wkoSf3tMeR","redes",3,5
"-M9FJc5oq3wkoSf3tMeR","almacenamiento",4,5
"-M9FJc5oq3wkoSf3tMeR","información",5,5
"-M9FiEZdj-cr7fnwPpsC","información",1,5
"-M9FiEZdj-cr7fnwPpsC","complejidad",2,0
"-M9FiEZdj-cr7fnwPpsC","procesamiento",3,5
"-M9FiEZdj-cr7fnwPpsC","criterios",4,5
"-M9FiEZdj-cr7fnwPpsC","análisis",5,5
"-M9GBxdGZWSrDeKo1rQ9","información",1,2
"-M9GBxdGZWSrDeKo1rQ9","internet",2,2
"-M9GBxdGZWSrDeKo1rQ9","datos",3,-1
"-M9GBxdGZWSrDeKo1rQ9","mucho",4,0
"-M9GBxdGZWSrDeKo1rQ9","cantidad",5,0
"-M9IVj2bLFYgLX54AGya","información",1,5
"-M9IVj2bLFYgLX54AGya","abundante",2,5
"-M9IVj2bLFYgLX54AGya","algoritmos",3,0
"-M9IVj2bLFYgLX54AGya","opinión pública",4,0
"-M9IVj2bLFYgLX54AGya","consumo",5,0
"-M9J2S7bG1MLAXg9zZ5L","información",1,5
"-M9J2S7bG1MLAXg9zZ5L","manejo",2,0
"-M9J2S7bG1MLAXg9zZ5L","evolución",3,5
"-M9J2S7bG1MLAXg9zZ5L","mercado",4,0
"-M9J2S7bG1MLAXg9zZ5L","competencia",5,-5
"-M9JITBzSs6evKE5hC-l","mucho",1,-3
"-M9JITBzSs6evKE5hC-l","grande",2,-3
"-M9JITBzSs6evKE5hC-l","importante",3,5
"-M9JITBzSs6evKE5hC-l","leer",4,4
"-M9JITBzSs6evKE5hC-l","concentracion",5,5
"-M9JL3Zf1JSkgVqeYSGH","data analytics",1,5
"-M9JL3Zf1JSkgVqeYSGH","información",2,5
"-M9JL3Zf1JSkgVqeYSGH","minería de datos",3,5
"-M9JL3Zf1JSkgVqeYSGH","análisis estadístico",4,5
"-M9JL3Zf1JSkgVqeYSGH","machine learning",5,5
"-M9JN7xfG3zaAyG6fJB1","internet",1,5
"-M9JN7xfG3zaAyG6fJB1","páginas web",2,4
"-M9JN7xfG3zaAyG6fJB1","trabajo colaborativo",3,5
"-M9JN7xfG3zaAyG6fJB1","plagio",4,-5
"-M9JN7xfG3zaAyG6fJB1","análisis de fuentes",5,0
"-M9JN7xfG3zaAyG6fJB1","investigación",6,4
"-M9JN7xfG3zaAyG6fJB1","brecha digital",7,-4
"-M9JN7xfG3zaAyG6fJB1","celular",8,0
"-M9JN7xfG3zaAyG6fJB1","aplicaciones",9,0
"-M9JN7xfG3zaAyG6fJB1","habilidades digitales",10,5
"-M9JN7xfG3zaAyG6fJB1","espacio-tiempo",11,3
"-M9JN7xfG3zaAyG6fJB1","formación",12,5
"-M9JN7xfG3zaAyG6fJB1","facebook",13,0
"-M9JN7xfG3zaAyG6fJB1","instagram",14,-3
"-M9Jhtr7PZhf8u657mwP","información",1,2
"-M9Jhtr7PZhf8u657mwP","control",2,-4
"-M9Jhtr7PZhf8u657mwP","investigación",3,2
"-M9Jhtr7PZhf8u657mwP","corporación",4,1
"-M9Jhtr7PZhf8u657mwP","estado",5,-3
"-M9KGZz9Ev3Fw9pESmV8","hacker",1,0
"-M9KGZz9Ev3Fw9pESmV8","internet",2,5
"-M9KGZz9Ev3Fw9pESmV8","base de datos",3,1
"-M9KGZz9Ev3Fw9pESmV8","información",4,2
"-M9KGZz9Ev3Fw9pESmV8","milenio",5,0
"-M9KnSQurkRx9MBn0NG-","marketing",1,-3
"-M9KnSQurkRx9MBn0NG-","programacion",2,3
"-M9KnSQurkRx9MBn0NG-","conocimiento",3,4
"-M9KnSQurkRx9MBn0NG-","decisiones",4,3
"-M9KnSQurkRx9MBn0NG-","informacion",5,2
"-M9O3ozw7PmJkiRsQReK","investigación",1,5
"-M9O3ozw7PmJkiRsQReK","análisis",2,5
"-M9O3ozw7PmJkiRsQReK","marketing",3,-2
"-M9O3ozw7PmJkiRsQReK","seguimiento",4,-1
"-M9O3ozw7PmJkiRsQReK","almacenaje",5,0
"-M9OIV5nFgFaAEEzkr-f","poder",1,1
"-M9OIV5nFgFaAEEzkr-f","politicas",2,2
"-M9OIV5nFgFaAEEzkr-f","potencial",3,5
"-M9OIV5nFgFaAEEzkr-f","información",4,0
"-M9OIV5nFgFaAEEzkr-f","invasivo",5,5
"-M9OMfjG-MEX7PZ7FKPZ","numeros",1,0
"-M9OMfjG-MEX7PZ7FKPZ","informacion",2,1
"-M9OMfjG-MEX7PZ7FKPZ","investigacion",3,2
"-M9OMfjG-MEX7PZ7FKPZ","estadistica",4,0
"-M9OMfjG-MEX7PZ7FKPZ","peoyeccion",5,0
"-M9P8cEyiTKn1oVHRZgj","respuestas",1,5
"-M9P8cEyiTKn1oVHRZgj","información",2,5
"-M9P8cEyiTKn1oVHRZgj","gran volumen de datos",3,5
"-M9P8cEyiTKn1oVHRZgj","tecnología",4,5
"-M9P8cEyiTKn1oVHRZgj","vulnerable",5,-3
"-M9PCFIA2SK6NYpI1YqT","poder",1,-5
"-M9PCFIA2SK6NYpI1YqT","información",2,-2
"-M9PCFIA2SK6NYpI1YqT","control",3,-5
"-M9PCFIA2SK6NYpI1YqT","sistema",4,-2
"-M9PCFIA2SK6NYpI1YqT","dinero",5,-3
"-M9QE6KTmEE9p-e3QXHC","generar información",1,5
"-M9QE6KTmEE9p-e3QXHC","análisis datos",2,5
"-M9QE6KTmEE9p-e3QXHC","decisión en base a información",3,5
"-M9QE6KTmEE9p-e3QXHC","eficiencia",4,5
"-M9QE6KTmEE9p-e3QXHC","planificación",5,5
"-M9QE6KTmEE9p-e3QXHC","reducción costos",6,5
"-M9Qf1k4_L4Yd01_Y4ai","gran cantidad de contenido",1,5
"-M9Qf1k4_L4Yd01_Y4ai","información",2,5
"-M9Qf1k4_L4Yd01_Y4ai","almacenamiento",3,5
"-M9Qf1k4_L4Yd01_Y4ai","capacidad",4,5
"-M9Qf1k4_L4Yd01_Y4ai","tecnología",5,5
"-M9RK7oRmnhZsy280u5Y","tecnologia",1,5
"-M9RK7oRmnhZsy280u5Y","innovacion",2,5
"-M9RK7oRmnhZsy280u5Y","sistema de datos",3,0
"-M9RK7oRmnhZsy280u5Y","rapidez",4,5
"-M9RK7oRmnhZsy280u5Y","eficacia",5,5
"-M9S0lo0Ll60FI_v1roX","gran",1,2
"-M9S0lo0Ll60FI_v1roX","valorativo",2,-1
"-M9S0lo0Ll60FI_v1roX","importante",3,2
"-M9S0lo0Ll60FI_v1roX","difícil",4,-2
"-M9S0lo0Ll60FI_v1roX","no entendi",5,0
"-M9UPWfhWsEnHbOgssvH","software",1,5
"-M9UPWfhWsEnHbOgssvH","hardware",2,4
"-M9UPWfhWsEnHbOgssvH","plataformas",3,4
"-M9UPWfhWsEnHbOgssvH","internet",4,4
"-M9UPWfhWsEnHbOgssvH","base de datos",5,3
"-M9UnyBP_fIDBDCXAT29","información",1,3
"-M9UnyBP_fIDBDCXAT29","global",2,3
"-M9UnyBP_fIDBDCXAT29","archivo",3,2
"-M9UnyBP_fIDBDCXAT29","comunicación",4,3
"-M9UnyBP_fIDBDCXAT29","conexión",5,0
"-M9VnOxy1vMHrL8Gzyhz","computadoras",1,1
"-M9VnOxy1vMHrL8Gzyhz","mucha cantidad",2,-2
"-M9VnOxy1vMHrL8Gzyhz","desorden",3,-4
"-M9VnOxy1vMHrL8Gzyhz","tecnologías",4,3
"-M9VnOxy1vMHrL8Gzyhz","clasificación",5,2
"-M9Vq68asFdI-Ys_aRyj","gran cantidad de datos",1,3
"-M9Vq68asFdI-Ys_aRyj","previsión de sucesos",2,4
"-M9Vq68asFdI-Ys_aRyj","peligrosidad en el uso de esos datos",3,-4
"-M9Vq68asFdI-Ys_aRyj","manipulación con fines políticos",4,-4
"-M9Vq68asFdI-Ys_aRyj","falta de privacidad",5,-5
"-M9Vq68asFdI-Ys_aRyj","venta de datos sin consentimiento",6,-3
"-M9Vq68asFdI-Ys_aRyj","categorizaciones sociales erróneas sin grises",7,-4
"-M9WGG4v9N1cvwC3ThsY","análisis de datos",1,3
"-M9WGG4v9N1cvwC3ThsY","volumen de datos",2,-2
"-M9WGG4v9N1cvwC3ThsY","comercio de datos",3,0
"-M9WGG4v9N1cvwC3ThsY","digitalización",4,2
"-M9WGG4v9N1cvwC3ThsY","estructura",5,0
"-M9WGd1GBwvXyXkw7B-b","información",1,1
"-M9WGd1GBwvXyXkw7B-b","intereses",2,2
"-M9WGd1GBwvXyXkw7B-b","habitos",3,2
"-M9WGd1GBwvXyXkw7B-b","consumo",4,2
"-M9WGd1GBwvXyXkw7B-b","tic's",5,0
"-M9WNG8Up41wap7orj47","información",1,5
"-M9WNG8Up41wap7orj47","mucho",2,5
"-M9WNG8Up41wap7orj47","inglés",3,5
"-M9WNG8Up41wap7orj47","publicidad",4,0
"-M9WNG8Up41wap7orj47","estudio",5,5
"-M9WNOC5QR71VdppPym7","datos",1,0
"-M9WNOC5QR71VdppPym7","métricas",2,0
"-M9WNOC5QR71VdppPym7","complejidad",3,-2
"-M9WNOC5QR71VdppPym7","cantidad",4,-1
"-M9WNOC5QR71VdppPym7","categorización",5,0
"-M9WO4jDYdki02VpANnC","datos personales",1,-5
"-M9WO4jDYdki02VpANnC","espionaje",2,-5
"-M9WO4jDYdki02VpANnC","mercado",3,-5
"-M9WO4jDYdki02VpANnC","manejo de las relaciones sociales",4,-5
"-M9WO4jDYdki02VpANnC","orden mundial",5,-5
"-M9WOiBb4U5IXdnqiGB8","datos",1,2
"-M9WOiBb4U5IXdnqiGB8","estadística",2,2
"-M9WOiBb4U5IXdnqiGB8","mejora",3,2
"-M9WOiBb4U5IXdnqiGB8","control",4,2
"-M9WOiBb4U5IXdnqiGB8","evaluación",5,2
"-M9WeXwoKiVw3aRAG9_O","posibilidades",1,0
"-M9WeXwoKiVw3aRAG9_O","camdbridge analitycs",2,-5
"-M9WeXwoKiVw3aRAG9_O","campañas de macri",3,-5
"-M9WeXwoKiVw3aRAG9_O","genética y patentes de monsanto",4,-5
"-M9WeXwoKiVw3aRAG9_O","guerra psicopolitica",5,-5
"-M9WeXwoKiVw3aRAG9_O","derechos humanos de 4ta generación",6,5
"-M9YPEZQ-ttuxXhJGs5f","hipermediaciones",1,0
"-M9YPEZQ-ttuxXhJGs5f","cultura digital",2,5
"-M9YPEZQ-ttuxXhJGs5f","scolari (autor)",3,5
"-M9YPEZQ-ttuxXhJGs5f","tecnología",4,5
"-M9YPEZQ-ttuxXhJGs5f","comunicación",5,5
"-M9Z64DJaMWx8MaHNt6y","muchos datos",1,1
"-M9Z64DJaMWx8MaHNt6y","complejo",2,-1
"-M9Z64DJaMWx8MaHNt6y","análisis",3,1
"-M9Z64DJaMWx8MaHNt6y","volumen",4,1
"-M9Z64DJaMWx8MaHNt6y","información",5,2
"-M9Zd4cdayURTwJGZqiZ","información",1,4
"-M9Zd4cdayURTwJGZqiZ","organización",2,4
"-M9Zd4cdayURTwJGZqiZ","control",3,-3
"-M9Zd4cdayURTwJGZqiZ","despersonalización",4,-5
"-M9Zd4cdayURTwJGZqiZ","acceso",5,0
"-M9ZnyLUhv93_A51aj9v","datos",1,3
"-M9ZnyLUhv93_A51aj9v","difícil",2,-4
"-M9ZnyLUhv93_A51aj9v","computación",3,4
"-M9ZnyLUhv93_A51aj9v","programación",4,3
"-M9ZnyLUhv93_A51aj9v","complejo",5,-4
"-M9_-uaDD0pyk4gmPDbe","pesado",1,-3
"-M9_-uaDD0pyk4gmPDbe","tráfico",2,0
"-M9_-uaDD0pyk4gmPDbe","datos",3,2
"-M9_-uaDD0pyk4gmPDbe","hardware",4,0
"-M9_-uaDD0pyk4gmPDbe","internet",5,2
"-M9aPYmq3AHQO7p_IPEO","estadística",1,2
"-M9aPYmq3AHQO7p_IPEO","información",2,-1
"-M9aPYmq3AHQO7p_IPEO","privacidad",3,-2
"-M9aPYmq3AHQO7p_IPEO","comunicación",4,-2
"-M9aPYmq3AHQO7p_IPEO","aa",5,0
"-M9bPEajqZ48NB8XfdgH","gran data",1,5
"-M9bPEajqZ48NB8XfdgH","buena información",2,5
"-M9bPEajqZ48NB8XfdgH","información irrelevante",3,-5
"-M9bPEajqZ48NB8XfdgH","sarcasmo fake news",4,-5
"-M9bPEajqZ48NB8XfdgH","iluminati manipulación de contenidos",5,-5
"-M9eJbiud3d8UgZSkLQX","información",1,0
"-M9eJbiud3d8UgZSkLQX","poder",2,0
"-M9eJbiud3d8UgZSkLQX","perfil",3,0
"-M9eJbiud3d8UgZSkLQX","tecnología",4,0
"-M9eJbiud3d8UgZSkLQX","intereses",5,0
"-M9eMLYoPJpwaiF28JpH","bioinformatica",1,5
"-M9eMLYoPJpwaiF28JpH","bases de datos",2,5
"-M9eMLYoPJpwaiF28JpH","informacion",3,5
"-M9eMLYoPJpwaiF28JpH","procesar",4,5
"-M9eMLYoPJpwaiF28JpH","estudio",5,5
"-M9fIfZbxBQuf_C9ykdU","conglomerado de datos",1,-5
"-M9fIfZbxBQuf_C9ykdU","base de datos",2,5
"-M9fIfZbxBQuf_C9ykdU","control social",3,-5
"-M9fIfZbxBQuf_C9ykdU","altgorismo",4,-5
"-M9fIfZbxBQuf_C9ykdU","habeas data",5,5
"-M9fe1y2pfJPMNDavqwX","rastreo",1,-5
"-M9fe1y2pfJPMNDavqwX","publicidad",2,-5
"-M9fe1y2pfJPMNDavqwX","prediccion",3,5
"-M9fe1y2pfJPMNDavqwX","invasion",4,-5
"-M9fe1y2pfJPMNDavqwX","simulacion",5,5
"-M9ffUSfoDKgHn7g4VHI","masividad",1,5
"-M9ffUSfoDKgHn7g4VHI","decisiones",2,5
"-M9ffUSfoDKgHn7g4VHI","predicción",3,5
"-M9ffUSfoDKgHn7g4VHI","aprendizaje",4,5
"-M9ffUSfoDKgHn7g4VHI","futuro",5,5
"-M9gEVSI0qjc5HlzRTzN","sistemas",1,-1
"-M9gEVSI0qjc5HlzRTzN","complejidad",2,-5
"-M9gEVSI0qjc5HlzRTzN","manipulacion de informacio",3,-5
"-M9gEVSI0qjc5HlzRTzN","quebrantar la esfera de lo privado",4,-5
"-M9gEVSI0qjc5HlzRTzN","inconmesurable",5,-5
"-M9im7X_vwdllY2L2qcW","datos",1,5
"-M9im7X_vwdllY2L2qcW","predictivo",2,5
"-M9im7X_vwdllY2L2qcW","analisis",3,5
"-M9im7X_vwdllY2L2qcW","mineria",4,5
"-M9im7X_vwdllY2L2qcW","aprendizaje",5,5
"-M9jzjOvfhhnc1HQUw-K","tics",1,0
"-M9jzjOvfhhnc1HQUw-K","privacidad",2,-3
"-M9jzjOvfhhnc1HQUw-K","información",3,0
"-M9jzjOvfhhnc1HQUw-K","control",4,-3
"-M9jzjOvfhhnc1HQUw-K","monitoreo",5,0
"-M9ktACuVC6ei8uX0_QT","ideas",1,5
"-M9ktACuVC6ei8uX0_QT","tecnológica",2,5
"-M9ktACuVC6ei8uX0_QT","avances",3,5
"-M9ktACuVC6ei8uX0_QT","incorporación",4,5
"-M9ktACuVC6ei8uX0_QT","se abren nuevos horizontes",5,5
"-M9kuexphs2s83feSRIf","informático",1,5
"-M9kuexphs2s83feSRIf","desafio",2,0
"-M9kuexphs2s83feSRIf","dificultad",3,-1
"-M9kuexphs2s83feSRIf","conocimiento",4,5
"-M9kuexphs2s83feSRIf","velocidad",5,0
"-M9mWirV6vPcrexA2Ws_","informacion",1,0
"-M9mWirV6vPcrexA2Ws_","personal",2,-3
"-M9mWirV6vPcrexA2Ws_","privada",3,-4
"-M9mWirV6vPcrexA2Ws_","control",4,-3
"-M9mWirV6vPcrexA2Ws_","dominacion",5,-3
"-M9mWirV6vPcrexA2Ws_","invasion",6,-4
"-M9nqYSkZakrx3Y3WN9S","información",1,3
"-M9nqYSkZakrx3Y3WN9S","tecnologia",2,3
"-M9nqYSkZakrx3Y3WN9S","servicios tecnológicos de información",3,3
"-M9nqYSkZakrx3Y3WN9S","tecnología inevitable",4,-3
"-M9nqYSkZakrx3Y3WN9S","mercado de información y datos",5,-3
"-M9nqYSkZakrx3Y3WN9S","no regulado muchas veces por los estados",6,-3
"-M9nzc4vnb7gkyGluTy9","gran",1,5
"-M9nzc4vnb7gkyGluTy9","datos",2,5
"-M9nzc4vnb7gkyGluTy9","información",3,5
"-M9nzc4vnb7gkyGluTy9","primordial",4,5
"-M9nzc4vnb7gkyGluTy9","novedad",5,5
"-M9qLboEZV36oJ_TyVTW","base de datos",1,5
"-M9qLboEZV36oJ_TyVTW","informacion",2,3
"-M9qLboEZV36oJ_TyVTW","recopilacion",3,2
"-M9qLboEZV36oJ_TyVTW","inseguro",4,-2
"-M9qLboEZV36oJ_TyVTW","investigacion",5,5
"-M9wcXm0RJpx_JvCsxmp","nube",1,2
"-M9wcXm0RJpx_JvCsxmp","información",2,0
"-M9wcXm0RJpx_JvCsxmp","volumen",3,0
"-M9wcXm0RJpx_JvCsxmp","datos",4,0
"-M9wcXm0RJpx_JvCsxmp","tendencia",5,0
"-M9xMDhgcbyfZt_0h02j","muchos datos",1,3
"-M9xMDhgcbyfZt_0h02j","nos escuchan",2,-3
"-M9xMDhgcbyfZt_0h02j","base de datos muy grande",3,3
"-M9xMDhgcbyfZt_0h02j","internet",4,5
"-M9xMDhgcbyfZt_0h02j","logaritmos",5,2
"-M9xUtvCz1CO-fhWhxcW","información",1,5
"-M9xUtvCz1CO-fhWhxcW","privada",2,-3
"-M9xUtvCz1CO-fhWhxcW","globalización",3,5
"-M9xUtvCz1CO-fhWhxcW","tecnología",4,4
"-M9xUtvCz1CO-fhWhxcW","innovación",5,5
"-MA1lb7yaEsRL6pfJQIU","innovador",1,2
"-MA1lb7yaEsRL6pfJQIU","desafío",2,3
"-MA1lb7yaEsRL6pfJQIU","complejidad",3,2
"-MA1lb7yaEsRL6pfJQIU","tics",4,5
"-MA1lb7yaEsRL6pfJQIU","herramienta",5,5
"-MA1ofWJV23GYP3n_6CD","gran dato",1,0
"-MA1ofWJV23GYP3n_6CD","mucho espacio",2,0
"-MA1ofWJV23GYP3n_6CD","gran espacio",3,0
"-MA1ofWJV23GYP3n_6CD","mucho tiempo",4,0
"-MA1ofWJV23GYP3n_6CD","informatica",5,0
"-MA2h7BSTc0qWZ3BLU-Y","que",1,0
"-MA2h7BSTc0qWZ3BLU-Y","boludes",2,0
"-MA2h7BSTc0qWZ3BLU-Y","que",3,0
"-MA2h7BSTc0qWZ3BLU-Y","están",4,0
"-MA2h7BSTc0qWZ3BLU-Y","haciendo",5,0
"-MA2sisq3Q0zUncprTLQ","poder",1,5
"-MA2sisq3Q0zUncprTLQ","complejidad",2,-2
"-MA2sisq3Q0zUncprTLQ","costoso",3,-4
"-MA2sisq3Q0zUncprTLQ","ventaja",4,5
"-MA2sisq3Q0zUncprTLQ","privacidad",5,-5
"-MA3n8HEVI12lqBe-nMK","sonbreinformación",1,-2
"-MA3n8HEVI12lqBe-nMK","vulnerabilidad",2,-5
"-MA3n8HEVI12lqBe-nMK","poder",3,-5
"-MA3n8HEVI12lqBe-nMK","manipulación",4,-5
"-MA3n8HEVI12lqBe-nMK","desconocimiento",5,-2
"-MA4WaBx30V6BCJ1r8h3","individualismo",1,-5
"-MA4WaBx30V6BCJ1r8h3","posmoderno",2,-5
"-MA4WaBx30V6BCJ1r8h3","desinformacion",3,-5
"-MA4WaBx30V6BCJ1r8h3","avismo",4,-5
"-MA4WaBx30V6BCJ1r8h3","perdida",5,0
"-MA4YbfnliAzhenhPQ2L","informacion",1,2
"-MA4YbfnliAzhenhPQ2L","control",2,0
"-MA4YbfnliAzhenhPQ2L","trazabilidad",3,2
"-MA4YbfnliAzhenhPQ2L","decisión",4,0
"-MA4YbfnliAzhenhPQ2L","tecnologia",5,0
"-MA5drRLHu9kKkVh87Ul","opinion publica",1,5
"-MA5drRLHu9kKkVh87Ul","manipulacion",2,-3
"-MA5drRLHu9kKkVh87Ul","datos",3,0
"-MA5drRLHu9kKkVh87Ul","publicidad",4,-3
"-MA5drRLHu9kKkVh87Ul","redes sociales",5,-5
"-MA6mx_316uOHOgOX_Vq","información",1,5
"-MA6mx_316uOHOgOX_Vq","instantánea",2,3
"-MA6mx_316uOHOgOX_Vq","seguimiento",3,-3
"-MA6mx_316uOHOgOX_Vq","inmediato",4,3
"-MA6mx_316uOHOgOX_Vq","redes sociales",5,2
"-MA6xOPVFeWk-2iEI5Ut","espionaje",1,-4
"-MA6xOPVFeWk-2iEI5Ut","mencancía",2,-3
"-MA6xOPVFeWk-2iEI5Ut","inteligencia artificial",3,5
"-MA6xOPVFeWk-2iEI5Ut","concentración de poder",4,-5
"-MA6xOPVFeWk-2iEI5Ut","desarrollo intelectual",5,3
"-MA7I6EGVB6HX0WdjOD3","información",1,3
"-MA7I6EGVB6HX0WdjOD3","segmentación",2,0
"-MA7I6EGVB6HX0WdjOD3","control de flujos informativos",3,-3
"-MA7I6EGVB6HX0WdjOD3","acceso a información sensible",4,-3
"-MA7I6EGVB6HX0WdjOD3","manipulación",5,-5
"-MA84bdjTbDNYpW4rVrn","grandes datos",1,-4
"-MA84bdjTbDNYpW4rVrn","poco abarcativo",2,2
"-MA84bdjTbDNYpW4rVrn","grandes archivos",3,-3
"-MA84bdjTbDNYpW4rVrn","mucha información",4,-5
"-MA84bdjTbDNYpW4rVrn","datos recopilados",5,-2
"-MA9Ls5s9ZqRh2ad_xRS","control",1,-5
"-MA9Ls5s9ZqRh2ad_xRS","1984",2,-5
"-MA9Ls5s9ZqRh2ad_xRS","gran hermano",3,-5
"-MA9Ls5s9ZqRh2ad_xRS","redes sociales",4,-5
"-MA9Ls5s9ZqRh2ad_xRS","china",5,-5
"-MACbOjTBFOUnOTnD_p5","datos",1,4
"-MACbOjTBFOUnOTnD_p5","cantidad",2,4
"-MACbOjTBFOUnOTnD_p5","grande",3,4
"-MACbOjTBFOUnOTnD_p5","tecnologia",4,4
"-MACbOjTBFOUnOTnD_p5","internet",5,4
"-MHJlrA1dB1lEQ2dtLwy","datos",1,5
"-MHJlrA1dB1lEQ2dtLwy","grabde",2,5
"-MHJlrA1dB1lEQ2dtLwy","personal",3,-5
"-MHJlrA1dB1lEQ2dtLwy","global",4,5
"-MHJlrA1dB1lEQ2dtLwy","informacion",5,5
"-MHvawm4Gby6HjQPqhIF","datos grandes",1,0
"-MHvawm4Gby6HjQPqhIF","tecnologia",2,2
"-MHvawm4Gby6HjQPqhIF","avance",3,1
"-MHvawm4Gby6HjQPqhIF","futuro",4,2
"-MHvawm4Gby6HjQPqhIF","globalizacion",5,-4
"-MHwq39ljl8yTbFIUCAt","tecnologias",1,2
"-MHwq39ljl8yTbFIUCAt","datos",2,0
"-MHwq39ljl8yTbFIUCAt","investigación",3,1
"-MHwq39ljl8yTbFIUCAt","relaciones",4,0
"-MHwq39ljl8yTbFIUCAt","sustitución",5,-1
"-MI-DBiVXnjO1_xyIqe5","observación",1,-5
"-MI-DBiVXnjO1_xyIqe5","información",2,0
"-MI-DBiVXnjO1_xyIqe5","superior",3,-5
"-MI-DBiVXnjO1_xyIqe5","amplitud",4,0
"-MI-DBiVXnjO1_xyIqe5","simplicidad",5,0
"-MI1Ua2LKwQkRp6L_KL4","sometimiento",1,-2
"-MI1Ua2LKwQkRp6L_KL4","control",2,-4
"-MI1Ua2LKwQkRp6L_KL4","esclavitud",3,-5
"-MI1Ua2LKwQkRp6L_KL4","informacion",4,-2
"-MI1Ua2LKwQkRp6L_KL4","decadencia",5,-3
"-MJiTO5NAjveOIB6uc7G","informacion personal",1,0
"-MJiTO5NAjveOIB6uc7G","internet",2,5
"-MJiTO5NAjveOIB6uc7G","redes sociales",3,-3
"-MJiTO5NAjveOIB6uc7G","compartir",4,-5
"-MJiTO5NAjveOIB6uc7G","macrodatos",5,-1
"-MJiTO5NAjveOIB6uc7G","tecnología",6,5
"-MK66xQT-woKEPPt8iKS","información",1,5
"-MK66xQT-woKEPPt8iKS","posibilidades",2,5
"-MK66xQT-woKEPPt8iKS","análisis",3,0
"-MK66xQT-woKEPPt8iKS","trabajo",4,2
"-MK66xQT-woKEPPt8iKS","nuevo",5,0
"-MKNfl6SdR7h-NBvZ_Jj","información a lo grande",1,4
"-MKNfl6SdR7h-NBvZ_Jj","océano de datos",2,2
"-MKNfl6SdR7h-NBvZ_Jj","algo superior",3,5
"-MKNfl6SdR7h-NBvZ_Jj","nube digital",4,4
"-MKNfl6SdR7h-NBvZ_Jj","internet",5,4
"-MKXOkNDQjknCVeb1YP2","informacion",1,5
"-MKXOkNDQjknCVeb1YP2","analisis",2,5
"-MKXOkNDQjknCVeb1YP2","conocimiento",3,5
"-MKXOkNDQjknCVeb1YP2","investigacion",4,5
"-MKXOkNDQjknCVeb1YP2","tecnologia",5,5
"-MKc18qPjUPSYiUegjSz","mucha informacion",1,0
"-MKc18qPjUPSYiUegjSz","control de datos",2,-4
"-MKc18qPjUPSYiUegjSz","manipulación",3,-4
"-MKc18qPjUPSYiUegjSz","almacenamiento global",4,3
"-MKc18qPjUPSYiUegjSz","expansión",5,3
"-ML7vS4tfqywTm7SVODZ","datos cuantitativos",1,2
"-ML7vS4tfqywTm7SVODZ","análisis",2,0
"-ML7vS4tfqywTm7SVODZ","tecnología",3,-2
"-ML7vS4tfqywTm7SVODZ","internet",4,0
"-ML7vS4tfqywTm7SVODZ","privacidad",5,-3
"-ML7vS4tfqywTm7SVODZ","ciencias sociales",6,0
"-MLOi-xh9E2OTlK96Wbl","hamburguesa",1,-5
"-MLOi-xh9E2OTlK96Wbl","grandote",2,-5
"-MLOi-xh9E2OTlK96Wbl","latinejo",3,-5
"-MLOi-xh9E2OTlK96Wbl","pedantería",4,-5
"-MLOi-xh9E2OTlK96Wbl","soberbia",5,-5
"-MLOi-xh9E2OTlK96Wbl","mierda",6,-5
"-MLPiOWKMSfxELGJZ-b0","grandes cantidades de datos",1,3
"-MLPiOWKMSfxELGJZ-b0","control",2,2
"-MLPiOWKMSfxELGJZ-b0","gran hermano",3,2
"-MLPiOWKMSfxELGJZ-b0","vida pública expuesta",4,3
"-MLPiOWKMSfxELGJZ-b0","inclusión",5,2
"-MLQ-7jgiiIl4wcO5Iod","datos",1,5
"-MLQ-7jgiiIl4wcO5Iod","grande",2,5
"-MLQ-7jgiiIl4wcO5Iod","base",3,5
"-MLQ-7jgiiIl4wcO5Iod","muchos",4,5
"-MLQ-7jgiiIl4wcO5Iod","sistema",5,5
"-MLQq2HSuKCBcMaFvvK9","feedback",1,0
"-MLQq2HSuKCBcMaFvvK9","redes",2,2
"-MLQq2HSuKCBcMaFvvK9","postear",3,1
"-MLQq2HSuKCBcMaFvvK9","instagram",4,0
"-MLQq2HSuKCBcMaFvvK9","hastag",5,1
"-MLR-usY5pe5nDXrGI8b","ciencia",1,3
"-MLR-usY5pe5nDXrGI8b","datos",2,2
"-MLR-usY5pe5nDXrGI8b","manipulación",3,-4
"-MLR-usY5pe5nDXrGI8b","deciciones",4,2
"-MLR-usY5pe5nDXrGI8b","modelos",5,2
"-MLR7MPhK2XCno_iqlDX","temor",1,-3
"-MLR7MPhK2XCno_iqlDX","desconfianza",2,-3
"-MLR7MPhK2XCno_iqlDX","preocupación",3,-3
"-MLR7MPhK2XCno_iqlDX","desigualdad",4,-3
"-MLR7MPhK2XCno_iqlDX","elite",5,-2
"-MLSLYhelOqYAdfxsAl1","desconocida",1,0
"-MLSLYhelOqYAdfxsAl1","desconocida",2,0
"-MLSLYhelOqYAdfxsAl1","desconocida",3,0
"-MLSLYhelOqYAdfxsAl1","desconocida",4,0
"-MLSLYhelOqYAdfxsAl1","desconocida",5,0
"-MLSXmD3hmOnyus5Ew4T","manipulación",1,5
"-MLSXmD3hmOnyus5Ew4T","intromisión",2,5
"-MLSXmD3hmOnyus5Ew4T","violación a la intimidad",3,2
"-MLSXmD3hmOnyus5Ew4T","información",4,-5
"-MLSXmD3hmOnyus5Ew4T","velocidad",5,-5
"-MLXt4an9A8nPM2k32Lk","análisis  de datos",1,4
"-MLXt4an9A8nPM2k32Lk","algoritmo redes sociales",2,-3
"-MLXt4an9A8nPM2k32Lk","minería de datos",3,3
"-MLXt4an9A8nPM2k32Lk","data mining",4,3
"-MLXt4an9A8nPM2k32Lk","ingeniería de datos",5,3
"-MLbm_HvztjTY5SpqHSb","sobreabundancia de datos",1,0
"-MLbm_HvztjTY5SpqHSb","exceso de información",2,0
"-MLbm_HvztjTY5SpqHSb","sistemas de algoritmos",3,-1
"-MLbm_HvztjTY5SpqHSb","patrones de afinidad",4,0
"-MLbm_HvztjTY5SpqHSb","herramienta para medir comportamientos",5,0
"-MLepYbouoqwmtJNRRbK","internet",1,3
"-MLepYbouoqwmtJNRRbK","google",2,3
"-MLepYbouoqwmtJNRRbK","informacion",3,2
"-MLepYbouoqwmtJNRRbK","conceptos",4,2
"-MLepYbouoqwmtJNRRbK","investigación",5,3
"-MLjoVz5SmA1mjjGUg-4","gran dato",1,0
"-MLjoVz5SmA1mjjGUg-4","una hamburguesa",2,-5
"-MLjoVz5SmA1mjjGUg-4","gran noticia",3,-5
"-MLjoVz5SmA1mjjGUg-4","muy grande",4,-5
"-MLjoVz5SmA1mjjGUg-4","gran sorpresa",5,-5
"-MLtIssGbdgViO8EAnsB","datos",1,0
"-MLtIssGbdgViO8EAnsB","acceso",2,0
"-MLtIssGbdgViO8EAnsB","calculo",3,0
"-MLtIssGbdgViO8EAnsB","análisis",4,0
"-MLtIssGbdgViO8EAnsB","conocimiento",5,0
"-MLzJP5OPDMNyjzga20r","conocimiento",1,5
"-MLzJP5OPDMNyjzga20r","investigar",2,5
"-MLzJP5OPDMNyjzga20r","evaluar",3,5
"-MLzJP5OPDMNyjzga20r","invertir",4,5
"-MLzJP5OPDMNyjzga20r","desarrollar",5,5
"-MM1HiQs8bhviZSuYPMN","problemas",1,-4
"-MM1HiQs8bhviZSuYPMN","distancia",2,-4
"-MM1HiQs8bhviZSuYPMN","des humanizar",3,-4
"-MM1HiQs8bhviZSuYPMN","robo",4,-5
"-MM1HiQs8bhviZSuYPMN","invasión",5,-4
"-MM7Yo-7GxNnXZyKcjKf","gran",1,5
"-MM7Yo-7GxNnXZyKcjKf","dato",2,5
"-MM7Yo-7GxNnXZyKcjKf","interés",3,5
"-MM7Yo-7GxNnXZyKcjKf","información",4,5
"-MM7Yo-7GxNnXZyKcjKf","importante",5,5
"-MM8FtmWeg3r_BMWcbLr","telenoche",1,5
"-MM8FtmWeg3r_BMWcbLr","somos lo que escribimos",2,5
"-MM8FtmWeg3r_BMWcbLr","es tendencia",3,1
"-MM8FtmWeg3r_BMWcbLr","ejercitos de cientificos",4,-4
"-MM8FtmWeg3r_BMWcbLr","que nos interesa",5,3
"-MM8aMK1YZ6AiZ9OfLGm","tecnologia",1,-5
"-MM8aMK1YZ6AiZ9OfLGm","información",2,-5
"-MM8aMK1YZ6AiZ9OfLGm","rapidez",3,-5
"-MM8aMK1YZ6AiZ9OfLGm","informatica",4,-5
"-MM8aMK1YZ6AiZ9OfLGm","amplitud",5,-5
"-MMA3M-WS3ySl6CTG1to","ciencia de los datos",1,5
"-MMA3M-WS3ySl6CTG1to","estudio de los datos",2,5
"-MMA3M-WS3ySl6CTG1to","estadisticas de datos",3,5
"-MMA3M-WS3ySl6CTG1to","datos",4,5
"-MMA3M-WS3ySl6CTG1to","evaluacion de los datos",5,5
"-MMBXdmzqVokHX2B9bMM","tecnología",1,0
"-MMBXdmzqVokHX2B9bMM","información",2,0
"-MMBXdmzqVokHX2B9bMM","gates",3,0
"-MMBXdmzqVokHX2B9bMM","computadora",4,0
"-MMBXdmzqVokHX2B9bMM","digital",5,0
"-MMBqICRyPxt8eTveAcP","gran dato",1,-5
"-MMBqICRyPxt8eTveAcP","gran fecha",2,-5
"-MMBqICRyPxt8eTveAcP","dato interesante",3,-5
"-MMBqICRyPxt8eTveAcP","una fecha importante",4,-5
"-MMBqICRyPxt8eTveAcP","un gran cambio",5,-5
"-MMCEB6Cs23tAF9gRaT6","estadistica",1,2
"-MMCEB6Cs23tAF9gRaT6","datos",2,3
"-MMCEB6Cs23tAF9gRaT6","base de datos",3,2
"-MMCEB6Cs23tAF9gRaT6","volume",4,1
"-MMCEB6Cs23tAF9gRaT6","insights",5,1
"-MMDbwLyHiqYw7KMtGDW","amigos",1,5
"-MMDbwLyHiqYw7KMtGDW","familia",2,5
"-MMDbwLyHiqYw7KMtGDW","vecinos",3,5
"-MMDbwLyHiqYw7KMtGDW","amor",4,5
"-MMDbwLyHiqYw7KMtGDW","deportes",5,5
"-MO400KVthenDRhPgXKp","manipulación",1,-5
"-MO400KVthenDRhPgXKp","negocio",2,-5
"-MO400KVthenDRhPgXKp","capitalismo",3,-5
"-MO400KVthenDRhPgXKp","fraudulento",4,-5
"-MO400KVthenDRhPgXKp","mentiras",5,-5
"-MO4YBQ3eH4gNQdBzobR","futuro",1,5
"-MO4YBQ3eH4gNQdBzobR","conocimiento",2,5
"-MO4YBQ3eH4gNQdBzobR","ciencia",3,5
"-MO4YBQ3eH4gNQdBzobR","apertura",4,5
"-MO4YBQ3eH4gNQdBzobR","creatividad",5,5
"-MO4jK-s_-051I7hC8cx","graficos",1,5
"-MO4jK-s_-051I7hC8cx","funciones",2,5
"-MO4jK-s_-051I7hC8cx","matemática",3,5
"-MO4jK-s_-051I7hC8cx","masivo",4,5
"-MO4jK-s_-051I7hC8cx","cuantitativo",5,5
"-MO6D6_ijowDF31o8qqE","machine learning",1,2
"-MO6D6_ijowDF31o8qqE","base de datos",2,4
"-MO6D6_ijowDF31o8qqE","programación",3,3
"-MO6D6_ijowDF31o8qqE","tecnología",4,3
"-MO6D6_ijowDF31o8qqE","data science",5,5
"-MO7WBQZMCJiGkty2kSp","breve",1,0
"-MO7WBQZMCJiGkty2kSp","parco",2,-2
"-MO7WBQZMCJiGkty2kSp","pobre",3,-2
"-MO7WBQZMCJiGkty2kSp","dudoso",4,-3
"-MO7WBQZMCJiGkty2kSp","peligroso",5,-2
"-MO7ltqjRlPbC6HIssjp","importante",1,4
"-MO7ltqjRlPbC6HIssjp","infaltable",2,4
"-MO7ltqjRlPbC6HIssjp","imprescindible",3,4
"-MO7ltqjRlPbC6HIssjp","valioso",4,4
"-MO7ltqjRlPbC6HIssjp","respetable",5,4
"-MO7qjKMN7eFXgn7orgV","informacion",1,5
"-MO7qjKMN7eFXgn7orgV","velocidad",2,5
"-MO7qjKMN7eFXgn7orgV","archivos",3,5
"-MO7qjKMN7eFXgn7orgV","comunicacion",4,5
"-MO7qjKMN7eFXgn7orgV","enlaces",5,5
"-MOCKpw1sMrvqTcBTPPN","datos",1,-2
"-MOCKpw1sMrvqTcBTPPN","muchos",2,-3
"-MOCKpw1sMrvqTcBTPPN","informatica",3,0
"-MOCKpw1sMrvqTcBTPPN","era digital",4,0
"-MOCKpw1sMrvqTcBTPPN","manipulación",5,-3
"-MODbnI-5VUOlIsPhFVK","estadística",1,5
"-MODbnI-5VUOlIsPhFVK","redes sociales",2,-2
"-MODbnI-5VUOlIsPhFVK","mercado",3,0
"-MODbnI-5VUOlIsPhFVK","sectorización",4,0
"-MODbnI-5VUOlIsPhFVK","pato donnald",5,0
"-MOFNcNwtvqZoUYI3rtg","integracion",1,-5
"-MOFNcNwtvqZoUYI3rtg","confluencia",2,-5
"-MOFNcNwtvqZoUYI3rtg","tecnologias",3,-5
"-MOFNcNwtvqZoUYI3rtg","valor",4,-5
"-MOFNcNwtvqZoUYI3rtg","información",5,-5
"-MOI5QN5ClfIvLo9bBdB","gran",1,5
"-MOI5QN5ClfIvLo9bBdB","conocimiento",2,5
"-MOI5QN5ClfIvLo9bBdB","datos",3,5
"-MOI5QN5ClfIvLo9bBdB","conexión",4,5
"-MOI5QN5ClfIvLo9bBdB","democratización",5,5
"-MOPRrWwutkkwga4-ICU","control",1,-2
"-MOPRrWwutkkwga4-ICU","almacenamiento datos",2,-3
"-MOPRrWwutkkwga4-ICU","deshumanizacion",3,-3
"-MOPRrWwutkkwga4-ICU","mercadotecnia",4,-3
"-MOPRrWwutkkwga4-ICU","analisis global",5,-3
"-MOQ7IBHLrbgCW4vzd75","grandes cantidades de datos",1,5
"-MOQ7IBHLrbgCW4vzd75","datos estructurados y no estructurados",2,5
"-MOQ7IBHLrbgCW4vzd75","las 4 v",3,5
"-MOQ7IBHLrbgCW4vzd75","predicen",4,5
"-MOQ7IBHLrbgCW4vzd75","brinda información para ltoma",5,5
"-MOQb5jH5h7g_RjWllOL","gran hermano",1,-5
"-MOQb5jH5h7g_RjWllOL","marketing",2,-5
"-MOQb5jH5h7g_RjWllOL","gestionar",3,5
"-MOQb5jH5h7g_RjWllOL","desigualdad",4,-5
"-MOQb5jH5h7g_RjWllOL","financiarizacion",5,-5
"-MOT9rUexFQzWK9vd9JT","gran hermano",1,-5
"-MOT9rUexFQzWK9vd9JT","manipulación",2,-5
"-MOT9rUexFQzWK9vd9JT","falta de privacidad",3,-5
"-MOT9rUexFQzWK9vd9JT","control",4,-5
"-MOT9rUexFQzWK9vd9JT","predicción",5,0
"-MOX6OY28FHFxWiMn_hN","grande",1,5
"-MOX6OY28FHFxWiMn_hN","datos",2,5
"-MOX6OY28FHFxWiMn_hN","informacion",3,5
"-MOX6OY28FHFxWiMn_hN","pocos",4,-4
"-MOX6OY28FHFxWiMn_hN","util",5,5
"-MOXQxsRq-1pFi7ICFDx","grande",1,0
"-MOXQxsRq-1pFi7ICFDx","información",2,0
"-MOXQxsRq-1pFi7ICFDx","enigma",3,0
"-MOXQxsRq-1pFi7ICFDx","inglés",4,0
"-MOXQxsRq-1pFi7ICFDx","informática",5,0
"-MOYj-2u1KzgK1Q7WLfR","análisis de grandes masas de datos",1,5
"-MOYj-2u1KzgK1Q7WLfR","necesario para el progreso",2,5
"-MOYj-2u1KzgK1Q7WLfR","escases de científicos de datos",3,-2
"-MOYj-2u1KzgK1Q7WLfR","fundamental para el desarrollo de una región, país",4,5
"-MOYj-2u1KzgK1Q7WLfR","fundamental la aplicación de la ia en la educación",5,5
"-MOaYEM7_lQ7HbGHOdC_","datos personales",1,-3
"-MOaYEM7_lQ7HbGHOdC_","información confidencial",2,-5
"-MOaYEM7_lQ7HbGHOdC_","estadísticas",3,2
"-MOaYEM7_lQ7HbGHOdC_","información ciudadana",4,2
"-MOaYEM7_lQ7HbGHOdC_","datos abiertos",5,3
"-MObWOh6k39tV0W8DxWe","datos",1,-2
"-MObWOh6k39tV0W8DxWe","grandes",2,1
"-MObWOh6k39tV0W8DxWe","control",3,2
"-MObWOh6k39tV0W8DxWe","estadística",4,0
"-MObWOh6k39tV0W8DxWe","cuidado",5,0
"-MOc5qB5gZ187A94FzCQ","inconmensurable",1,5
"-MOc5qB5gZ187A94FzCQ","responsabilidad",2,5
"-MOc5qB5gZ187A94FzCQ","riesgoso",3,-5
"-MOc5qB5gZ187A94FzCQ","conocimiento",4,5
"-MOc5qB5gZ187A94FzCQ","conexion",5,5
"-MOcnYyAE-bzFE0uby1r","abundancia de información",1,3
"-MOcnYyAE-bzFE0uby1r","poca privacidad",2,-3
"-MOcnYyAE-bzFE0uby1r","desconfianza",3,-3
"-MOcnYyAE-bzFE0uby1r","temor",4,-3
"-MOcnYyAE-bzFE0uby1r","reglas poco claras",5,-3
"-MOhgrxV2uFhk1tzR7dH","datos",1,0
"-MOhgrxV2uFhk1tzR7dH","cantidad",2,0
"-MOhgrxV2uFhk1tzR7dH","investigación",3,0
"-MOhgrxV2uFhk1tzR7dH","grandes",4,0
"-MOhgrxV2uFhk1tzR7dH","información",5,0
"-MOmSnMKNiXPGsOaXE4v","gran base de datos",1,3
"-MOmSnMKNiXPGsOaXE4v","demasiadas datos de la ref",2,0
"-MOmSnMKNiXPGsOaXE4v","descontrol / controlado",3,-2
"-MOmSnMKNiXPGsOaXE4v","todo está en la web",4,0
"-MOmSnMKNiXPGsOaXE4v","mucho control sobre los contenidos",5,0
"-MOpTDtC6o4nieaHi9dn","analisis",1,3
"-MOpTDtC6o4nieaHi9dn","manipulacion de personas",2,-3
"-MOpTDtC6o4nieaHi9dn","centralización de datos",3,-3
"-MOpTDtC6o4nieaHi9dn","inteligencia artificial",4,3
"-MOpTDtC6o4nieaHi9dn","manipulacion de voluntades",5,-4
"-MOpjelbj0HdoS5xs_Iy","conocimiento",1,3
"-MOpjelbj0HdoS5xs_Iy","ahorro tiempo",2,4
"-MOpjelbj0HdoS5xs_Iy","maximizar",3,3
"-MOpjelbj0HdoS5xs_Iy","ahorro",4,2
"-MOpjelbj0HdoS5xs_Iy","inteligencia",5,0
"-MOqIiV_TUfUz5jx7IEu","hiperconexión",1,0
"-MOqIiV_TUfUz5jx7IEu","virtualización",2,0
"-MOqIiV_TUfUz5jx7IEu","modelos mentales",3,0
"-MOqIiV_TUfUz5jx7IEu","control",4,0
"-MOqIiV_TUfUz5jx7IEu","recursos",5,0
"-MOvJrusvVV4uLhlidgH","innovacion",1,4
"-MOvJrusvVV4uLhlidgH","oportunidad",2,4
"-MOvJrusvVV4uLhlidgH","privacidad",3,-4
"-MOvJrusvVV4uLhlidgH","procesamiento",4,0
"-MOvJrusvVV4uLhlidgH","conocimiento",5,4
"-MOx2s4RPCCi6muf8Oa6","datos",1,0
"-MOx2s4RPCCi6muf8Oa6","vida",2,0
"-MOx2s4RPCCi6muf8Oa6","persona",3,0
"-MOx2s4RPCCi6muf8Oa6","historia",4,0
"-MOx2s4RPCCi6muf8Oa6","historial",5,0
"-MOxAjR19cQYVv8e92I_","informacion",1,5
"-MOxAjR19cQYVv8e92I_","concentaracion",2,5
"-MOxAjR19cQYVv8e92I_","manipulación",3,-5
"-MOxAjR19cQYVv8e92I_","targeting",4,5
"-MOxAjR19cQYVv8e92I_","estatadistica",5,5
"-MOyi9eXl9hl3BkETQsV","control",1,-5
"-MOyi9eXl9hl3BkETQsV","posesión",2,-5
"-MOyi9eXl9hl3BkETQsV","inseguridad",3,-5
"-MOyi9eXl9hl3BkETQsV","atraso",4,-5
"-MOyi9eXl9hl3BkETQsV","gatopardismo",5,-5
"-MP1nHo1kV4kVwPY4gwP","espía",1,-5
"-MP1nHo1kV4kVwPY4gwP","privacidad",2,-5
"-MP1nHo1kV4kVwPY4gwP","violento",3,-5
"-MP1nHo1kV4kVwPY4gwP","manipulación",4,-5
"-MP1nHo1kV4kVwPY4gwP","descolonización",5,5
"-MP4gH2anX1rrzXAzI5k","info",1,2
"-MP4gH2anX1rrzXAzI5k","mundo",2,2
"-MP4gH2anX1rrzXAzI5k","internet",3,-2
"-MP4gH2anX1rrzXAzI5k","fotos",4,2
"-MP4gH2anX1rrzXAzI5k","ciencia",5,3
"-MPm4v8RRhQ9vNcibwPA","base de datos",1,5
"-MPm4v8RRhQ9vNcibwPA","computadora",2,5
"-MPm4v8RRhQ9vNcibwPA","memoria ram",3,5
"-MPm4v8RRhQ9vNcibwPA","placa madre",4,5
"-MPm4v8RRhQ9vNcibwPA","virus",5,5
"-MRWI3eL-7jdzgV1VTY0","informacion",1,3
"-MRWI3eL-7jdzgV1VTY0","datos",2,3
"-MRWI3eL-7jdzgV1VTY0","confusión",3,-2
"-MRWI3eL-7jdzgV1VTY0","desorden",4,-2
"-MRWI3eL-7jdzgV1VTY0","soledad",5,-3
"-MRdyLDOe9NYn_V5cEZi","computadoras",1,-4
"-MRdyLDOe9NYn_V5cEZi","inteligencia artificial",2,-4
"-MRdyLDOe9NYn_V5cEZi","informática",3,-4
"-MRdyLDOe9NYn_V5cEZi","memoria",4,-5
"-MRdyLDOe9NYn_V5cEZi","gran memoria",5,-5
"-MRdyd28LVbYrFrC2Yaf","persecución",1,-4
"-MRdyd28LVbYrFrC2Yaf","control",2,-4
"-MRdyd28LVbYrFrC2Yaf","acoso",3,-3
"-MRdyd28LVbYrFrC2Yaf","fraudes",4,-4
"-MRdyd28LVbYrFrC2Yaf","orwell",5,-4
"-MRe4V7a_UezuTjSzjTa","inteligencia robotica",1,5
"-MRe4V7a_UezuTjSzjTa","solucionar",2,5
"-MRe4V7a_UezuTjSzjTa","rapidez",3,5
"-MRe4V7a_UezuTjSzjTa","facilidad",4,-5
"-MRe4V7a_UezuTjSzjTa","desempleo",5,-5
"-MReZBWUKdbBeOLqu7b6","extenso",1,0
"-MReZBWUKdbBeOLqu7b6","datos",2,0
"-MReZBWUKdbBeOLqu7b6","múltiple",3,0
"-MReZBWUKdbBeOLqu7b6","diverso",4,0
"-MReZBWUKdbBeOLqu7b6","complejo",5,0
"-MRfHxpmfAaTpPCkIWtS","herramientas tecnologica",1,3
"-MRfHxpmfAaTpPCkIWtS","mas datos",2,1
"-MRfHxpmfAaTpPCkIWtS","aplicaciones informaticas",3,3
"-MRfHxpmfAaTpPCkIWtS","datos complejos",4,3
"-MRfHxpmfAaTpPCkIWtS","avances",5,2
"-MRgd5gqT1sPRxuqRvc6","datazo",1,0
"-MRgd5gqT1sPRxuqRvc6","secreto",2,5
"-MRgd5gqT1sPRxuqRvc6","buenas noticias",3,-5
"-MRgd5gqT1sPRxuqRvc6","esperanza",4,0
"-MRgd5gqT1sPRxuqRvc6","misterio",5,0
"-MRgd5gqT1sPRxuqRvc6","sorpresa",6,0
"-MRgeoiYLcV9FerREfAu","información",1,3
"-MRgeoiYLcV9FerREfAu","digital",2,5
"-MRgeoiYLcV9FerREfAu","comunicación",3,5
"-MRgeoiYLcV9FerREfAu","conectados",4,5
"-MRgeoiYLcV9FerREfAu","robotizacion",5,-1
"-MRjaXfR_C2Ok75DyXn7","grande",1,0
"-MRjaXfR_C2Ok75DyXn7","datos",2,0
"-MRjaXfR_C2Ok75DyXn7","computación",3,0
"-MRjaXfR_C2Ok75DyXn7","tecnologías",4,0
"-MRjaXfR_C2Ok75DyXn7","tics",5,0
"-MRjcLxxcxOLmO3Z6-he","masa",1,-2
"-MRjcLxxcxOLmO3Z6-he","manipulacion",2,-4
"-MRjcLxxcxOLmO3Z6-he","negocio",3,-4
"-MRjcLxxcxOLmO3Z6-he","patrones",4,4
"-MRjcLxxcxOLmO3Z6-he","evolución",5,3
"-MRkEZimIj8bDLw97dNX","datos",1,5
"-MRkEZimIj8bDLw97dNX","información",2,5
"-MRkEZimIj8bDLw97dNX","algoritmos",3,-2
"-MRkEZimIj8bDLw97dNX","tecnología",4,5
"-MRkEZimIj8bDLw97dNX","futuro",5,2
"-MRk_WYHDnv0muqmM4Iw","python",1,0
"-MRk_WYHDnv0muqmM4Iw","datos",2,0
"-MRk_WYHDnv0muqmM4Iw","volumen",3,0
"-MRk_WYHDnv0muqmM4Iw","informacion",4,0
"-MRk_WYHDnv0muqmM4Iw","internet",5,2
"-MRl7ZU2McMY5Aqd-B8t","manipulación",1,-5
"-MRl7ZU2McMY5Aqd-B8t","control",2,-5
"-MRl7ZU2McMY5Aqd-B8t","política",3,-5
"-MRl7ZU2McMY5Aqd-B8t","marketing",4,-2
"-MRl7ZU2McMY5Aqd-B8t","corporaciones",5,-5
"-MRltII4CTK3lHMz6xVa","bi",1,4
"-MRltII4CTK3lHMz6xVa","ciencia de datos",2,4
"-MRltII4CTK3lHMz6xVa","power bi",3,4
"-MRltII4CTK3lHMz6xVa","lenguaje r",4,3
"-MRltII4CTK3lHMz6xVa","python",5,4
"-MRmezoM_UQZ_O8MDjs9","datos",1,3
"-MRmezoM_UQZ_O8MDjs9","información",2,-2
"-MRmezoM_UQZ_O8MDjs9","estadistica",3,0
"-MRmezoM_UQZ_O8MDjs9","espionaje",4,-3
"-MRmezoM_UQZ_O8MDjs9","cambio",5,-1
"-MRpz6fn8rwxj_RkhQTF","informacion",1,0
"-MRpz6fn8rwxj_RkhQTF","tecnología",2,0
"-MRpz6fn8rwxj_RkhQTF","datos",3,0
"-MRpz6fn8rwxj_RkhQTF","estadistica",4,0
"-MRpz6fn8rwxj_RkhQTF","social",5,0
"-MRpz9msSJN1PP6KD9cd","libres",1,3
"-MRpz9msSJN1PP6KD9cd","abiertos",2,3
"-MRpz9msSJN1PP6KD9cd","compartidos",3,3
"-MRpz9msSJN1PP6KD9cd","resultados",4,3
"-MRpz9msSJN1PP6KD9cd","gestión",5,4
"-MRqm4K1OHsJ8cTf7Lnx","computadora",1,0
"-MRqm4K1OHsJ8cTf7Lnx","memoria",2,0
"-MRqm4K1OHsJ8cTf7Lnx","datos",3,0
"-MRqm4K1OHsJ8cTf7Lnx","carga",4,0
"-MRqm4K1OHsJ8cTf7Lnx","tecnologia",5,0
"-MRtrH93JCyqS_OdgvhK","primicia",1,5
"-MRtrH93JCyqS_OdgvhK","novedad",2,5
"-MRtrH93JCyqS_OdgvhK","increible",3,-5
"-MRtrH93JCyqS_OdgvhK","en contexto politico una fraude",4,-5
"-MRtrH93JCyqS_OdgvhK","en contexto familiar alegria",5,5
"-MS0bf_J5MixL6cTfXTc","datos",1,5
"-MS0bf_J5MixL6cTfXTc","muchos",2,3
"-MS0bf_J5MixL6cTfXTc","análisis",3,5
"-MS0bf_J5MixL6cTfXTc","computación",4,5
"-MS0bf_J5MixL6cTfXTc","estadística",5,5
"-MS3vCvqTHVaVeJwTFoG","miedo",1,5
"-MS3vCvqTHVaVeJwTFoG","control",2,5
"-MS3vCvqTHVaVeJwTFoG","indefeccion",3,5
"-MS3vCvqTHVaVeJwTFoG","impotencia",4,5
"-MS3vCvqTHVaVeJwTFoG","odio",5,5
"-MS4IhJXtxWGTAoGZkUI","datos",1,5
"-MS4IhJXtxWGTAoGZkUI","manipulación",2,-5
"-MS4IhJXtxWGTAoGZkUI","información",3,5
"-MS4IhJXtxWGTAoGZkUI","proyección",4,5
"-MS4IhJXtxWGTAoGZkUI","segmentación",5,-5
